"Data,""Tipo Residuo"",""Peso"""
"2024-10-31,""Restos Comida"",""84200"""
"2024-10-31,""Plastico"",""45400"""
"2024-10-31,""Residuos Limpeza"",""269800"""
"2024-10-31,""Indiferenciado"",""2476400"""
"2024-10-31,""Cortes de Jardim"",""864000"""
"2024-10-31,""Papel"",""315400"""
"2024-10-31,""Vidro"",""131600"""
"2024-10-31,""Monstros"",""274400"""
"2024-10-30,""Residuos Limpeza"",""139800"""
"2024-10-30,""Papel"",""192200"""
"2024-10-30,""Restos Comida"",""93200"""
"2024-10-30,""Monstros"",""245800"""
"2024-10-30,""Vidro"",""264800"""
"2024-10-30,""Cortes de Jardim"",""952800"""
"2024-10-30,""Plastico"",""82800"""
"2024-10-30,""Indiferenciado"",""2376400"""
"2024-10-29,""Indiferenciado"",""2281200"""
"2024-10-29,""Residuos Limpeza"",""145600"""
"2024-10-29,""Cortes de Jardim"",""970000"""
"2024-10-29,""Papel"",""41400"""
"2024-10-29,""Plastico"",""390200"""
"2024-10-29,""Monstros"",""226800"""
"2024-10-29,""Vidro"",""98200"""
"2024-10-29,""Restos Comida"",""90200"""
"2024-10-28,""Indiferenciado"",""2451400"""
"2024-10-28,""Vidro"",""50400"""
"2024-10-28,""Residuos Limpeza"",""539800"""
"2024-10-28,""Cortes de Jardim"",""992800"""
"2024-10-28,""Papel"",""377400"""
"2024-10-28,""Monstros"",""201400"""
"2024-10-28,""Restos Comida"",""149000"""
"2024-10-28,""Plastico"",""38600"""
"2024-10-27,""Papel"",""53400"""
"2024-10-27,""Indiferenciado"",""2108400"""
"2024-10-27,""Monstros"",""400"""
"2024-10-26,""Cortes de Jardim"",""1027600"""
"2024-10-26,""Indiferenciado"",""2279000"""
"2024-10-26,""Vidro"",""72000"""
"2024-10-26,""Residuos Limpeza"",""490000"""
"2024-10-26,""Plastico"",""46400"""
"2024-10-26,""Restos Comida"",""79800"""
"2024-10-26,""Papel"",""123600"""
"2024-10-26,""Monstros"",""223600"""
"2024-10-25,""Indiferenciado"",""2339200"""
"2024-10-25,""Cortes de Jardim"",""840400"""
"2024-10-25,""Papel"",""58000"""
"2024-10-25,""Vidro"",""143200"""
"2024-10-25,""Monstros"",""174400"""
"2024-10-25,""Restos Comida"",""80400"""
"2024-10-25,""Residuos Limpeza"",""450400"""
"2024-10-25,""Plastico"",""226600"""
"2024-10-24,""Indiferenciado"",""2316600"""
"2024-10-24,""Papel"",""297200"""
"2024-10-24,""Cortes de Jardim"",""1087800"""
"2024-10-24,""Residuos Limpeza"",""195800"""
"2024-10-24,""Plastico"",""61200"""
"2024-10-24,""Restos Comida"",""73000"""
"2024-10-24,""Vidro"",""120000"""
"2024-10-24,""Monstros"",""250800"""
"2024-10-23,""Cortes de Jardim"",""1279000"""
"2024-10-23,""Papel"",""173600"""
"2024-10-23,""Restos Comida"",""96200"""
"2024-10-23,""Plastico"",""118800"""
"2024-10-23,""Vidro"",""131200"""
"2024-10-23,""Monstros"",""171000"""
"2024-10-23,""Indiferenciado"",""2405400"""
"2024-10-23,""Residuos Limpeza"",""183200"""
"2024-10-22,""Papel"",""56400"""
"2024-10-22,""Cortes de Jardim"",""1043200"""
"2024-10-22,""Monstros"",""256400"""
"2024-10-22,""Restos Comida"",""87400"""
"2024-10-22,""Indiferenciado"",""2597800"""
"2024-10-22,""Residuos Limpeza"",""189800"""
"2024-10-22,""Vidro"",""168000"""
"2024-10-22,""Plastico"",""330600"""
"2024-10-21,""Indiferenciado"",""2594800"""
"2024-10-21,""Monstros"",""368600"""
"2024-10-21,""Cortes de Jardim"",""1125800"""
"2024-10-21,""Papel"",""392400"""
"2024-10-21,""Plastico"",""60600"""
"2024-10-21,""Restos Comida"",""150000"""
"2024-10-21,""Residuos Limpeza"",""476000"""
"2024-10-21,""Vidro"",""78200"""
"2024-10-20,""Papel"",""42600"""
"2024-10-20,""Monstros"",""2200"""
"2024-10-20,""Indiferenciado"",""2527400"""
"2024-10-19,""Monstros"",""133800"""
"2024-10-19,""Restos Comida"",""71400"""
"2024-10-19,""Plastico"",""9600"""
"2024-10-19,""Papel"",""116200"""
"2024-10-19,""Residuos Limpeza"",""165000"""
"2024-10-19,""Vidro"",""126000"""
"2024-10-19,""Indiferenciado"",""2399600"""
"2024-10-19,""Cortes de Jardim"",""887600"""
"2024-10-18,""Restos Comida"",""74400"""
"2024-10-18,""Residuos Limpeza"",""263000"""
"2024-10-18,""Plastico"",""277400"""
"2024-10-18,""Monstros"",""197600"""
"2024-10-18,""Vidro"",""155200"""
"2024-10-18,""Papel"",""81400"""
"2024-10-18,""Cortes de Jardim"",""1104600"""
"2024-10-18,""Indiferenciado"",""2594800"""
"2024-10-17,""Plastico"",""46600"""
"2024-10-17,""Indiferenciado"",""2539600"""
"2024-10-17,""Residuos Limpeza"",""331200"""
"2024-10-17,""Restos Comida"",""90200"""
"2024-10-17,""Monstros"",""318200"""
"2024-10-17,""Vidro"",""69000"""
"2024-10-17,""Papel"",""303600"""
"2024-10-17,""Cortes de Jardim"",""1173000"""
"2024-10-16,""Indiferenciado"",""2194200"""
"2024-10-16,""Plastico"",""89200"""
"2024-10-16,""Residuos Limpeza"",""88600"""
"2024-10-16,""Monstros"",""283000"""
"2024-10-16,""Restos Comida"",""84400"""
"2024-10-16,""Papel"",""220000"""
"2024-10-16,""Vidro"",""155200"""
"2024-10-16,""Cortes de Jardim"",""1352800"""
"2024-10-15,""Vidro"",""182800"""
"2024-10-15,""Indiferenciado"",""2544200"""
"2024-10-15,""Papel"",""45200"""
"2024-10-15,""Cortes de Jardim"",""1243400"""
"2024-10-15,""Restos Comida"",""83600"""
"2024-10-15,""Plastico"",""370000"""
"2024-10-15,""Monstros"",""238200"""
"2024-10-15,""Residuos Limpeza"",""288800"""
"2024-10-14,""Indiferenciado"",""2635600"""
"2024-10-14,""Vidro"",""177400"""
"2024-10-14,""Residuos Limpeza"",""1036400"""
"2024-10-14,""Plastico"",""33400"""
"2024-10-14,""Papel"",""413800"""
"2024-10-14,""Cortes de Jardim"",""1217400"""
"2024-10-14,""Restos Comida"",""152600"""
"2024-10-14,""Monstros"",""264200"""
"2024-10-13,""Indiferenciado"",""2442600"""
"2024-10-13,""Monstros"",""3000"""
"2024-10-13,""Residuos Limpeza"",""6200"""
"2024-10-13,""Papel"",""38000"""
"2024-10-12,""Papel"",""114200"""
"2024-10-12,""Cortes de Jardim"",""2117800"""
"2024-10-12,""Vidro"",""138400"""
"2024-10-12,""Indiferenciado"",""2550400"""
"2024-10-12,""Restos Comida"",""81600"""
"2024-10-12,""Plastico"",""44800"""
"2024-10-12,""Residuos Limpeza"",""392200"""
"2024-10-12,""Monstros"",""177400"""
"2024-10-11,""Indiferenciado"",""2385200"""
"2024-10-11,""Vidro"",""162200"""
"2024-10-11,""Restos Comida"",""102200"""
"2024-10-11,""Monstros"",""173400"""
"2024-10-11,""Plastico"",""224000"""
"2024-10-11,""Papel"",""58200"""
"2024-10-11,""Cortes de Jardim"",""1297200"""
"2024-10-11,""Residuos Limpeza"",""702800"""
"2024-10-10,""Vidro"",""62600"""
"2024-10-10,""Monstros"",""270400"""
"2024-10-10,""Cortes de Jardim"",""1349000"""
"2024-10-10,""Indiferenciado"",""2286400"""
"2024-10-10,""Residuos Limpeza"",""73600"""
"2024-10-10,""Papel"",""341800"""
"2024-10-10,""Restos Comida"",""97000"""
"2024-10-10,""Plastico"",""57200"""
"2024-10-09,""Cortes de Jardim"",""1220800"""
"2024-10-09,""Papel"",""155200"""
"2024-10-09,""Monstros"",""243000"""
"2024-10-09,""Restos Comida"",""95600"""
"2024-10-09,""Plastico"",""78000"""
"2024-10-09,""Vidro"",""152600"""
"2024-10-09,""Residuos Limpeza"",""149200"""
"2024-10-09,""Indiferenciado"",""2507800"""
"2024-10-08,""Plastico"",""403600"""
"2024-10-08,""Cortes de Jardim"",""1237400"""
"2024-10-08,""Restos Comida"",""88800"""
"2024-10-08,""Monstros"",""256200"""
"2024-10-08,""Papel"",""72400"""
"2024-10-08,""Indiferenciado"",""2899400"""
"2024-10-08,""Vidro"",""154400"""
"2024-10-08,""Residuos Limpeza"",""350800"""
"2024-10-07,""Papel"",""411600"""
"2024-10-07,""Plastico"",""38600"""
"2024-10-07,""Restos Comida"",""134800"""
"2024-10-07,""Monstros"",""227200"""
"2024-10-07,""Residuos Limpeza"",""324000"""
"2024-10-07,""Indiferenciado"",""2370200"""
"2024-10-07,""Vidro"",""70800"""
"2024-10-07,""Cortes de Jardim"",""1173200"""
"2024-10-06,""Papel"",""56800"""
"2024-10-06,""Indiferenciado"",""2327000"""
"2024-10-05,""Restos Comida"",""97600"""
"2024-10-05,""Plastico"",""52000"""
"2024-10-05,""Residuos Limpeza"",""2000"""
"2024-10-05,""Indiferenciado"",""2484600"""
"2024-10-05,""Papel"",""90200"""
"2024-10-05,""Vidro"",""161000"""
"2024-10-05,""Monstros"",""28000"""
"2024-10-05,""Cortes de Jardim"",""203200"""
"2024-10-04,""Indiferenciado"",""2447000"""
"2024-10-04,""Residuos Limpeza"",""273200"""
"2024-10-04,""Restos Comida"",""75400"""
"2024-10-04,""Vidro"",""137800"""
"2024-10-04,""Plastico"",""215400"""
"2024-10-04,""Papel"",""53400"""
"2024-10-04,""Monstros"",""183000"""
"2024-10-04,""Cortes de Jardim"",""954400"""
"2024-10-03,""Indiferenciado"",""2313200"""
"2024-10-03,""Residuos Limpeza"",""375200"""
"2024-10-03,""Papel"",""286000"""
"2024-10-03,""Cortes de Jardim"",""1057000"""
"2024-10-03,""Plastico"",""54800"""
"2024-10-03,""Monstros"",""197600"""
"2024-10-03,""Restos Comida"",""80000"""
"2024-10-03,""Vidro"",""142000"""
"2024-10-02,""Vidro"",""186400"""
"2024-10-02,""Monstros"",""236000"""
"2024-10-02,""Papel"",""193600"""
"2024-10-02,""Restos Comida"",""83000"""
"2024-10-02,""Cortes de Jardim"",""929200"""
"2024-10-02,""Residuos Limpeza"",""428200"""
"2024-10-02,""Plastico"",""92800"""
"2024-10-02,""Indiferenciado"",""2339800"""
"2024-10-01,""Vidro"",""174800"""
"2024-10-01,""Indiferenciado"",""2504600"""
"2024-10-01,""Restos Comida"",""83200"""
"2024-10-01,""Residuos Limpeza"",""358600"""
"2024-10-01,""Monstros"",""222200"""
"2024-10-01,""Cortes de Jardim"",""1010200"""
"2024-10-01,""Papel"",""42600"""
"2024-10-01,""Plastico"",""386000"""
"2024-09-30,""Vidro"",""181000"""
"2024-09-30,""Indiferenciado"",""2463800"""
"2024-09-30,""Cortes de Jardim"",""958600"""
"2024-09-30,""Monstros"",""194600"""
"2024-09-30,""Plastico"",""50000"""
"2024-09-30,""Restos Comida"",""152600"""
"2024-09-30,""Papel"",""405400"""
"2024-09-30,""Residuos Limpeza"",""336600"""
"2024-09-29,""Monstros"",""3600"""
"2024-09-29,""Papel"",""30600"""
"2024-09-29,""Indiferenciado"",""2451900"""
"2024-09-29,""Restos Comida"",""4907700"""
"2024-09-29,""Residuos Limpeza"",""3200"""
"2024-09-28,""Papel"",""119600"""
"2024-09-28,""Cortes de Jardim"",""1299600"""
"2024-09-28,""Monstros"",""190600"""
"2024-09-28,""Vidro"",""78400"""
"2024-09-28,""Residuos Limpeza"",""74800"""
"2024-09-28,""Plastico"",""54200"""
"2024-09-28,""Indiferenciado"",""2515600"""
"2024-09-28,""Restos Comida"",""85600"""
"2024-09-27,""Vidro"",""177200"""
"2024-09-27,""Monstros"",""311800"""
"2024-09-27,""Restos Comida"",""77200"""
"2024-09-27,""Plastico"",""202600"""
"2024-09-27,""Cortes de Jardim"",""1228800"""
"2024-09-27,""Indiferenciado"",""2533600"""
"2024-09-27,""Residuos Limpeza"",""139800"""
"2024-09-27,""Papel"",""53800"""
"2024-09-26,""Papel"",""267400"""
"2024-09-26,""Monstros"",""174200"""
"2024-09-26,""Cortes de Jardim"",""1133200"""
"2024-09-26,""Plastico"",""52800"""
"2024-09-26,""Restos Comida"",""81600"""
"2024-09-26,""Residuos Limpeza"",""298200"""
"2024-09-26,""Vidro"",""159800"""
"2024-09-26,""Indiferenciado"",""2457600"""
"2024-09-25,""Residuos Limpeza"",""295000"""
"2024-09-25,""Monstros"",""275400"""
"2024-09-25,""Restos Comida"",""91200"""
"2024-09-25,""Plastico"",""152400"""
"2024-09-25,""Papel"",""193200"""
"2024-09-25,""Cortes de Jardim"",""1210600"""
"2024-09-25,""Indiferenciado"",""2215000"""
"2024-09-25,""Vidro"",""209000"""
"2024-09-24,""Restos Comida"",""99600"""
"2024-09-24,""Monstros"",""330600"""
"2024-09-24,""Residuos Limpeza"",""182600"""
"2024-09-24,""Plastico"",""300200"""
"2024-09-24,""Papel"",""72200"""
"2024-09-24,""Indiferenciado"",""2407800"""
"2024-09-24,""Vidro"",""124200"""
"2024-09-24,""Cortes de Jardim"",""991200"""
"2024-09-23,""Restos Comida"",""125000"""
"2024-09-23,""Plastico"",""55000"""
"2024-09-23,""Residuos Limpeza"",""116000"""
"2024-09-23,""Indiferenciado"",""2495000"""
"2024-09-23,""Papel"",""404400"""
"2024-09-23,""Cortes de Jardim"",""1109600"""
"2024-09-23,""Monstros"",""207200"""
"2024-09-23,""Vidro"",""163200"""
"2024-09-22,""Residuos Limpeza"",""2200"""
"2024-09-22,""Indiferenciado"",""2490600"""
"2024-09-22,""Papel"",""40600"""
"2024-09-21,""Indiferenciado"",""2485200"""
"2024-09-21,""Residuos Limpeza"",""53800"""
"2024-09-21,""Monstros"",""257600"""
"2024-09-21,""Vidro"",""163400"""
"2024-09-21,""Restos Comida"",""77200"""
"2024-09-21,""Cortes de Jardim"",""957400"""
"2024-09-21,""Plastico"",""34800"""
"2024-09-21,""Papel"",""106600"""
"2024-09-20,""Indiferenciado"",""2433800"""
"2024-09-20,""Residuos Limpeza"",""186800"""
"2024-09-20,""Vidro"",""177200"""
"2024-09-20,""Papel"",""16000"""
"2024-09-20,""Cortes de Jardim"",""1086400"""
"2024-09-20,""Monstros"",""139000"""
"2024-09-20,""Plastico"",""215600"""
"2024-09-20,""Restos Comida"",""78400"""
"2024-09-19,""Indiferenciado"",""2454600"""
"2024-09-19,""Vidro"",""133000"""
"2024-09-19,""Restos Comida"",""85000"""
"2024-09-19,""Plastico"",""54600"""
"2024-09-19,""Papel"",""336200"""
"2024-09-19,""Monstros"",""234000"""
"2024-09-19,""Cortes de Jardim"",""863800"""
"2024-09-19,""Residuos Limpeza"",""88000"""
"2024-09-18,""Indiferenciado"",""2404600"""
"2024-09-18,""Vidro"",""223400"""
"2024-09-18,""Cortes de Jardim"",""1097800"""
"2024-09-18,""Restos Comida"",""90400"""
"2024-09-18,""Plastico"",""82000"""
"2024-09-18,""Monstros"",""260800"""
"2024-09-18,""Papel"",""133200"""
"2024-09-18,""Residuos Limpeza"",""124800"""
"2024-09-17,""Papel"",""69800"""
"2024-09-17,""Cortes de Jardim"",""915800"""
"2024-09-17,""Monstros"",""179800"""
"2024-09-17,""Vidro"",""151800"""
"2024-09-17,""Indiferenciado"",""2569000"""
"2024-09-17,""Residuos Limpeza"",""283600"""
"2024-09-17,""Plastico"",""367800"""
"2024-09-17,""Restos Comida"",""86200"""
"2024-09-16,""Indiferenciado"",""2295200"""
"2024-09-16,""Papel"",""330000"""
"2024-09-16,""Vidro"",""218400"""
"2024-09-16,""Monstros"",""244800"""
"2024-09-16,""Restos Comida"",""143800"""
"2024-09-16,""Plastico"",""42800"""
"2024-09-16,""Residuos Limpeza"",""346000"""
"2024-09-16,""Cortes de Jardim"",""803400"""
"2024-09-15,""Monstros"",""43000"""
"2024-09-15,""Indiferenciado"",""2445600"""
"2024-09-15,""Residuos Limpeza"",""39400"""
"2024-09-15,""Papel"",""44800"""
"2024-09-14,""Cortes de Jardim"",""885800"""
"2024-09-14,""Papel"",""127400"""
"2024-09-14,""Restos Comida"",""80000"""
"2024-09-14,""Monstros"",""222400"""
"2024-09-14,""Plastico"",""69000"""
"2024-09-14,""Vidro"",""135600"""
"2024-09-14,""Indiferenciado"",""2498400"""
"2024-09-14,""Residuos Limpeza"",""324800"""
"2024-09-13,""Papel"",""53600"""
"2024-09-13,""Cortes de Jardim"",""1079200"""
"2024-09-13,""Monstros"",""197200"""
"2024-09-13,""Plastico"",""226600"""
"2024-09-13,""Restos Comida"",""88400"""
"2024-09-13,""Indiferenciado"",""2414800"""
"2024-09-13,""Residuos Limpeza"",""516800"""
"2024-09-13,""Vidro"",""56000"""
"2024-09-12,""Papel"",""328600"""
"2024-09-12,""Restos Comida"",""82000"""
"2024-09-12,""Monstros"",""205400"""
"2024-09-12,""Residuos Limpeza"",""189400"""
"2024-09-12,""Plastico"",""75000"""
"2024-09-12,""Cortes de Jardim"",""850000"""
"2024-09-12,""Vidro"",""173600"""
"2024-09-12,""Indiferenciado"",""2335200"""
"2024-09-11,""Monstros"",""222200"""
"2024-09-11,""Papel"",""164400"""
"2024-09-11,""Plastico"",""80400"""
"2024-09-11,""Restos Comida"",""77800"""
"2024-09-11,""Residuos Limpeza"",""264400"""
"2024-09-11,""Cortes de Jardim"",""900400"""
"2024-09-11,""Vidro"",""174600"""
"2024-09-11,""Indiferenciado"",""2308400"""
"2024-09-10,""Restos Comida"",""74600"""
"2024-09-10,""Plastico"",""343400"""
"2024-09-10,""Residuos Limpeza"",""309000"""
"2024-09-10,""Papel"",""122800"""
"2024-09-10,""Monstros"",""202600"""
"2024-09-10,""Vidro"",""110200"""
"2024-09-10,""Cortes de Jardim"",""861000"""
"2024-09-10,""Indiferenciado"",""2430000"""
"2024-09-09,""Residuos Limpeza"",""247400"""
"2024-09-09,""Plastico"",""60600"""
"2024-09-09,""Indiferenciado"",""2216600"""
"2024-09-09,""Monstros"",""287200"""
"2024-09-09,""Vidro"",""84000"""
"2024-09-09,""Papel"",""346000"""
"2024-09-09,""Restos Comida"",""231800"""
"2024-09-09,""Cortes de Jardim"",""802000"""
"2024-09-08,""Indiferenciado"",""2351000"""
"2024-09-08,""Residuos Limpeza"",""16400"""
"2024-09-08,""Papel"",""26400"""
"2024-09-07,""Indiferenciado"",""2532600"""
"2024-09-07,""Vidro"",""174400"""
"2024-09-07,""Papel"",""133800"""
"2024-09-07,""Monstros"",""209000"""
"2024-09-07,""Cortes de Jardim"",""734000"""
"2024-09-07,""Plastico"",""43800"""
"2024-09-07,""Restos Comida"",""80800"""
"2024-09-07,""Residuos Limpeza"",""97200"""
"2024-09-06,""Indiferenciado"",""2447800"""
"2024-09-06,""Vidro"",""77400"""
"2024-09-06,""Monstros"",""258600"""
"2024-09-06,""Restos Comida"",""86400"""
"2024-09-06,""Papel"",""57400"""
"2024-09-06,""Residuos Limpeza"",""143400"""
"2024-09-06,""Plastico"",""250200"""
"2024-09-06,""Cortes de Jardim"",""777600"""
"2024-09-05,""Cortes de Jardim"",""947200"""
"2024-09-05,""Vidro"",""79400"""
"2024-09-05,""Indiferenciado"",""2308000"""
"2024-09-05,""Monstros"",""200200"""
"2024-09-05,""Plastico"",""80600"""
"2024-09-05,""Papel"",""339400"""
"2024-09-05,""Restos Comida"",""81000"""
"2024-09-05,""Residuos Limpeza"",""173400"""
"2024-09-04,""Papel"",""146600"""
"2024-09-04,""Vidro"",""277200"""
"2024-09-04,""Monstros"",""177400"""
"2024-09-04,""Cortes de Jardim"",""593200"""
"2024-09-04,""Indiferenciado"",""2381400"""
"2024-09-04,""Restos Comida"",""74200"""
"2024-09-04,""Plastico"",""85000"""
"2024-09-04,""Residuos Limpeza"",""171600"""
"2024-09-03,""Indiferenciado"",""2592600"""
"2024-09-03,""Papel"",""84000"""
"2024-09-03,""Restos Comida"",""71200"""
"2024-09-03,""Monstros"",""164400"""
"2024-09-03,""Residuos Limpeza"",""127200"""
"2024-09-03,""Plastico"",""378200"""
"2024-09-03,""Vidro"",""254400"""
"2024-09-03,""Cortes de Jardim"",""768200"""
"2024-09-02,""Cortes de Jardim"",""833600"""
"2024-09-02,""Plastico"",""17000"""
"2024-09-02,""Papel"",""397000"""
"2024-09-02,""Monstros"",""292800"""
"2024-09-02,""Indiferenciado"",""2407000"""
"2024-09-02,""Residuos Limpeza"",""233400"""
"2024-09-02,""Restos Comida"",""178200"""
"2024-09-01,""Papel"",""50600"""
"2024-09-01,""Monstros"",""5000"""
"2024-09-01,""Indiferenciado"",""2308800"""
"2024-09-01,""Plastico"",""6400"""
"2024-08-31,""Indiferenciado"",""2420400"""
"2024-08-31,""Papel"",""148000"""
"2024-08-31,""Residuos Limpeza"",""73000"""
"2024-08-31,""Restos Comida"",""73000"""
"2024-08-31,""Plastico"",""54400"""
"2024-08-31,""Cortes de Jardim"",""739600"""
"2024-08-31,""Monstros"",""116200"""
"2024-08-31,""Vidro"",""153200"""
"2024-08-30,""Residuos Limpeza"",""184000"""
"2024-08-30,""Papel"",""87800"""
"2024-08-30,""Plastico"",""226200"""
"2024-08-30,""Restos Comida"",""3731600"""
"2024-08-30,""Monstros"",""165000"""
"2024-08-30,""Cortes de Jardim"",""687600"""
"2024-08-30,""Indiferenciado"",""1210600"""
"2024-08-30,""Vidro"",""127800"""
"2024-08-29,""Restos Comida"",""77200"""
"2024-08-29,""Residuos Limpeza"",""323200"""
"2024-08-29,""Plastico"",""64600"""
"2024-08-29,""Indiferenciado"",""2299800"""
"2024-08-29,""Cortes de Jardim"",""860200"""
"2024-08-29,""Vidro"",""131600"""
"2024-08-29,""Monstros"",""192200"""
"2024-08-29,""Papel"",""302600"""
"2024-08-28,""Restos Comida"",""83000"""
"2024-08-28,""Plastico"",""159000"""
"2024-08-28,""Residuos Limpeza"",""477600"""
"2024-08-28,""Indiferenciado"",""2329000"""
"2024-08-28,""Papel"",""144000"""
"2024-08-28,""Cortes de Jardim"",""769200"""
"2024-08-28,""Monstros"",""170400"""
"2024-08-28,""Vidro"",""94600"""
"2024-08-27,""Indiferenciado"",""2580800"""
"2024-08-27,""Residuos Limpeza"",""619200"""
"2024-08-27,""Restos Comida"",""90800"""
"2024-08-27,""Plastico"",""280200"""
"2024-08-27,""Papel"",""38800"""
"2024-08-27,""Cortes de Jardim"",""1083200"""
"2024-08-27,""Vidro"",""132200"""
"2024-08-27,""Monstros"",""175400"""
"2024-08-26,""Indiferenciado"",""2339000"""
"2024-08-26,""Residuos Limpeza"",""9400"""
"2024-08-26,""Cortes de Jardim"",""999600"""
"2024-08-26,""Papel"",""338600"""
"2024-08-26,""Vidro"",""89800"""
"2024-08-26,""Monstros"",""359600"""
"2024-08-26,""Restos Comida"",""133000"""
"2024-08-26,""Plastico"",""33800"""
"2024-08-25,""Indiferenciado"",""2230800"""
"2024-08-25,""Papel"",""85600"""
"2024-08-25,""Monstros"",""6000"""
"2024-08-25,""Residuos Limpeza"",""8800"""
"2024-08-24,""Indiferenciado"",""2366000"""
"2024-08-24,""Vidro"",""326000"""
"2024-08-24,""Plastico"",""108800"""
"2024-08-24,""Restos Comida"",""79600"""
"2024-08-24,""Cortes de Jardim"",""681800"""
"2024-08-24,""Papel"",""111400"""
"2024-08-24,""Monstros"",""142000"""
"2024-08-24,""Residuos Limpeza"",""119600"""
"2024-08-23,""Indiferenciado"",""2448200"""
"2024-08-23,""Vidro"",""91400"""
"2024-08-23,""Cortes de Jardim"",""902400"""
"2024-08-23,""Monstros"",""203600"""
"2024-08-23,""Restos Comida"",""93800"""
"2024-08-23,""Plastico"",""224800"""
"2024-08-23,""Papel"",""45600"""
"2024-08-23,""Residuos Limpeza"",""81400"""
"2024-08-22,""Indiferenciado"",""2468800"""
"2024-08-22,""Papel"",""332800"""
"2024-08-22,""Vidro"",""88400"""
"2024-08-22,""Cortes de Jardim"",""995200"""
"2024-08-22,""Restos Comida"",""85000"""
"2024-08-22,""Residuos Limpeza"",""119200"""
"2024-08-22,""Plastico"",""60400"""
"2024-08-22,""Monstros"",""228600"""
"2024-08-21,""Papel"",""150600"""
"2024-08-21,""Restos Comida"",""82400"""
"2024-08-21,""Cortes de Jardim"",""697200"""
"2024-08-21,""Vidro"",""363600"""
"2024-08-21,""Monstros"",""231600"""
"2024-08-21,""Residuos Limpeza"",""529800"""
"2024-08-21,""Indiferenciado"",""2530800"""
"2024-08-21,""Plastico"",""57200"""
"2024-08-20,""Cortes de Jardim"",""862600"""
"2024-08-20,""Monstros"",""290600"""
"2024-08-20,""Vidro"",""143400"""
"2024-08-20,""Plastico"",""364600"""
"2024-08-20,""Restos Comida"",""84200"""
"2024-08-20,""Papel"",""47600"""
"2024-08-20,""Indiferenciado"",""2260200"""
"2024-08-20,""Residuos Limpeza"",""169400"""
"2024-08-19,""Cortes de Jardim"",""614400"""
"2024-08-19,""Papel"",""357400"""
"2024-08-19,""Restos Comida"",""121400"""
"2024-08-19,""Plastico"",""60400"""
"2024-08-19,""Monstros"",""208400"""
"2024-08-19,""Indiferenciado"",""2375400"""
"2024-08-19,""Vidro"",""105400"""
"2024-08-19,""Residuos Limpeza"",""317600"""
"2024-08-18,""Papel"",""36200"""
"2024-08-18,""Monstros"",""2200"""
"2024-08-18,""Indiferenciado"",""2153600"""
"2024-08-17,""Plastico"",""48400"""
"2024-08-17,""Papel"",""129600"""
"2024-08-17,""Residuos Limpeza"",""263200"""
"2024-08-17,""Monstros"",""44200"""
"2024-08-17,""Restos Comida"",""95000"""
"2024-08-17,""Vidro"",""205800"""
"2024-08-17,""Indiferenciado"",""2255600"""
"2024-08-17,""Cortes de Jardim"",""604000"""
"2024-08-16,""Plastico"",""221800"""
"2024-08-16,""Restos Comida"",""79600"""
"2024-08-16,""Residuos Limpeza"",""14000"""
"2024-08-16,""Indiferenciado"",""2337800"""
"2024-08-16,""Papel"",""35200"""
"2024-08-16,""Cortes de Jardim"",""761800"""
"2024-08-16,""Vidro"",""85200"""
"2024-08-16,""Monstros"",""174000"""
"2024-08-15,""Residuos Limpeza"",""400200"""
"2024-08-15,""Plastico"",""68000"""
"2024-08-15,""Restos Comida"",""80000"""
"2024-08-15,""Indiferenciado"",""2283600"""
"2024-08-15,""Papel"",""237400"""
"2024-08-15,""Vidro"",""35600"""
"2024-08-15,""Cortes de Jardim"",""217200"""
"2024-08-15,""Monstros"",""76000"""
"2024-08-14,""Indiferenciado"",""2301800"""
"2024-08-14,""Residuos Limpeza"",""152800"""
"2024-08-14,""Cortes de Jardim"",""785600"""
"2024-08-14,""Monstros"",""111800"""
"2024-08-14,""Vidro"",""256600"""
"2024-08-14,""Papel"",""155200"""
"2024-08-14,""Plastico"",""107800"""
"2024-08-14,""Restos Comida"",""83000"""
"2024-08-13,""Indiferenciado"",""2433800"""
"2024-08-13,""Residuos Limpeza"",""124000"""
"2024-08-13,""Vidro"",""205200"""
"2024-08-13,""Cortes de Jardim"",""755800"""
"2024-08-13,""Papel"",""69800"""
"2024-08-13,""Restos Comida"",""72000"""
"2024-08-13,""Plastico"",""325600"""
"2024-08-13,""Monstros"",""176200"""
"2024-08-12,""Indiferenciado"",""2386200"""
"2024-08-12,""Vidro"",""169600"""
"2024-08-12,""Monstros"",""198200"""
"2024-08-12,""Papel"",""359600"""
"2024-08-12,""Plastico"",""50400"""
"2024-08-12,""Restos Comida"",""146000"""
"2024-08-12,""Cortes de Jardim"",""746600"""
"2024-08-12,""Residuos Limpeza"",""191200"""
"2024-08-11,""Cortes de Jardim"",""427200"""
"2024-08-11,""Indiferenciado"",""2425400"""
"2024-08-11,""Papel"",""34200"""
"2024-08-11,""Residuos Limpeza"",""12400"""
"2024-08-10,""Cortes de Jardim"",""729000"""
"2024-08-10,""Papel"",""105600"""
"2024-08-10,""Vidro"",""239000"""
"2024-08-10,""Indiferenciado"",""2585600"""
"2024-08-10,""Plastico"",""49800"""
"2024-08-10,""Restos Comida"",""95000"""
"2024-08-10,""Monstros"",""240000"""
"2024-08-10,""Residuos Limpeza"",""44400"""
"2024-08-09,""Papel"",""58600"""
"2024-08-09,""Vidro"",""243800"""
"2024-08-09,""Monstros"",""171200"""
"2024-08-09,""Indiferenciado"",""2470800"""
"2024-08-09,""Restos Comida"",""58600"""
"2024-08-09,""Plastico"",""248400"""
"2024-08-09,""Residuos Limpeza"",""414800"""
"2024-08-09,""Cortes de Jardim"",""561000"""
"2024-08-08,""Papel"",""325400"""
"2024-08-08,""Plastico"",""79800"""
"2024-08-08,""Restos Comida"",""101600"""
"2024-08-08,""Cortes de Jardim"",""676800"""
"2024-08-08,""Monstros"",""154600"""
"2024-08-08,""Vidro"",""203800"""
"2024-08-08,""Residuos Limpeza"",""116400"""
"2024-08-08,""Indiferenciado"",""2509400"""
"2024-08-07,""Plastico"",""47600"""
"2024-08-07,""Papel"",""131600"""
"2024-08-07,""Monstros"",""132200"""
"2024-08-07,""Vidro"",""298200"""
"2024-08-07,""Restos Comida"",""68800"""
"2024-08-07,""Cortes de Jardim"",""634400"""
"2024-08-07,""Indiferenciado"",""2443800"""
"2024-08-07,""Residuos Limpeza"",""526000"""
"2024-08-06,""Papel"",""90000"""
"2024-08-06,""Cortes de Jardim"",""821400"""
"2024-08-06,""Monstros"",""120800"""
"2024-08-06,""Restos Comida"",""74600"""
"2024-08-06,""Residuos Limpeza"",""193600"""
"2024-08-06,""Plastico"",""368400"""
"2024-08-06,""Vidro"",""175600"""
"2024-08-06,""Indiferenciado"",""2481000"""
"2024-08-05,""Papel"",""349600"""
"2024-08-05,""Plastico"",""30200"""
"2024-08-05,""Monstros"",""170200"""
"2024-08-05,""Cortes de Jardim"",""544000"""
"2024-08-05,""Restos Comida"",""119800"""
"2024-08-05,""Residuos Limpeza"",""196000"""
"2024-08-05,""Indiferenciado"",""2395600"""
"2024-08-05,""Vidro"",""168000"""
"2024-08-04,""Papel"",""58800"""
"2024-08-04,""Residuos Limpeza"",""10000"""
"2024-08-04,""Indiferenciado"",""2500600"""
"2024-08-03,""Restos Comida"",""82200"""
"2024-08-03,""Cortes de Jardim"",""761200"""
"2024-08-03,""Vidro"",""170000"""
"2024-08-03,""Plastico"",""29000"""
"2024-08-03,""Residuos Limpeza"",""647200"""
"2024-08-03,""Monstros"",""212200"""
"2024-08-03,""Papel"",""106200"""
"2024-08-03,""Indiferenciado"",""2629600"""
"2024-08-02,""Residuos Limpeza"",""31800"""
"2024-08-02,""Plastico"",""255200"""
"2024-08-02,""Papel"",""40600"""
"2024-08-02,""Cortes de Jardim"",""770400"""
"2024-08-02,""Monstros"",""254600"""
"2024-08-02,""Vidro"",""75600"""
"2024-08-02,""Indiferenciado"",""2583600"""
"2024-08-02,""Restos Comida"",""80400"""
"2024-08-01,""Indiferenciado"",""2522400"""
"2024-08-01,""Residuos Limpeza"",""44600"""
"2024-08-01,""Cortes de Jardim"",""693000"""
"2024-08-01,""Vidro"",""176800"""
"2024-08-01,""Monstros"",""164000"""
"2024-08-01,""Papel"",""331400"""
"2024-08-01,""Restos Comida"",""79200"""
"2024-08-01,""Plastico"",""44000"""
"2024-07-31,""Vidro"",""161200"""
"2024-07-31,""Cortes de Jardim"",""817200"""
"2024-07-31,""Indiferenciado"",""2603200"""
"2024-07-31,""Papel"",""149000"""
"2024-07-31,""Monstros"",""188600"""
"2024-07-31,""Restos Comida"",""84400"""
"2024-07-31,""Plastico"",""84800"""
"2024-07-31,""Residuos Limpeza"",""363000"""
"2024-07-30,""Indiferenciado"",""2648000"""
"2024-07-30,""Vidro"",""235000"""
"2024-07-30,""Residuos Limpeza"",""346400"""
"2024-07-30,""Papel"",""66000"""
"2024-07-30,""Cortes de Jardim"",""995200"""
"2024-07-30,""Plastico"",""398400"""
"2024-07-30,""Monstros"",""150000"""
"2024-07-30,""Restos Comida"",""77200"""
"2024-07-29,""Cortes de Jardim"",""865000"""
"2024-07-29,""Indiferenciado"",""2548800"""
"2024-07-29,""Vidro"",""137800"""
"2024-07-29,""Monstros"",""175200"""
"2024-07-29,""Restos Comida"",""148200"""
"2024-07-29,""Papel"",""381400"""
"2024-07-29,""Plastico"",""31600"""
"2024-07-29,""Residuos Limpeza"",""309800"""
"2024-07-28,""Papel"",""75600"""
"2024-07-28,""Indiferenciado"",""2503000"""
"2024-07-28,""Residuos Limpeza"",""3800"""
"2024-07-27,""Papel"",""109400"""
"2024-07-27,""Cortes de Jardim"",""850600"""
"2024-07-27,""Vidro"",""77800"""
"2024-07-27,""Indiferenciado"",""2577600"""
"2024-07-27,""Residuos Limpeza"",""63000"""
"2024-07-27,""Restos Comida"",""78600"""
"2024-07-27,""Monstros"",""155800"""
"2024-07-27,""Plastico"",""54800"""
"2024-07-26,""Cortes de Jardim"",""847600"""
"2024-07-26,""Vidro"",""79800"""
"2024-07-26,""Monstros"",""221800"""
"2024-07-26,""Restos Comida"",""69600"""
"2024-07-26,""Residuos Limpeza"",""129600"""
"2024-07-26,""Indiferenciado"",""2575800"""
"2024-07-26,""Papel"",""36000"""
"2024-07-26,""Plastico"",""218200"""
"2024-07-25,""Indiferenciado"",""2498400"""
"2024-07-25,""Plastico"",""43400"""
"2024-07-25,""Restos Comida"",""84000"""
"2024-07-25,""Cortes de Jardim"",""878600"""
"2024-07-25,""Papel"",""307800"""
"2024-07-25,""Monstros"",""212000"""
"2024-07-25,""Vidro"",""29800"""
"2024-07-25,""Residuos Limpeza"",""89400"""
"2024-07-24,""Papel"",""167400"""
"2024-07-24,""Cortes de Jardim"",""875200"""
"2024-07-24,""Monstros"",""205200"""
"2024-07-24,""Plastico"",""95200"""
"2024-07-24,""Restos Comida"",""77200"""
"2024-07-24,""Vidro"",""183200"""
"2024-07-24,""Indiferenciado"",""2509400"""
"2024-07-24,""Residuos Limpeza"",""185600"""
"2024-07-23,""Residuos Limpeza"",""257400"""
"2024-07-23,""Papel"",""48400"""
"2024-07-23,""Plastico"",""357200"""
"2024-07-23,""Restos Comida"",""82800"""
"2024-07-23,""Cortes de Jardim"",""796800"""
"2024-07-23,""Monstros"",""183600"""
"2024-07-23,""Indiferenciado"",""2512600"""
"2024-07-23,""Vidro"",""66800"""
"2024-07-22,""Vidro"",""89800"""
"2024-07-22,""Monstros"",""320200"""
"2024-07-22,""Restos Comida"",""125000"""
"2024-07-22,""Residuos Limpeza"",""164400"""
"2024-07-22,""Plastico"",""27800"""
"2024-07-22,""Indiferenciado"",""2427400"""
"2024-07-22,""Cortes de Jardim"",""882600"""
"2024-07-22,""Papel"",""355000"""
"2024-07-21,""Papel"",""61600"""
"2024-07-21,""Indiferenciado"",""2296200"""
"2024-07-20,""Papel"",""130200"""
"2024-07-20,""Plastico"",""39800"""
"2024-07-20,""Residuos Limpeza"",""223000"""
"2024-07-20,""Indiferenciado"",""2604600"""
"2024-07-20,""Restos Comida"",""88600"""
"2024-07-20,""Cortes de Jardim"",""546400"""
"2024-07-20,""Vidro"",""303200"""
"2024-07-20,""Monstros"",""143600"""
"2024-07-19,""Indiferenciado"",""2496800"""
"2024-07-19,""Residuos Limpeza"",""295800"""
"2024-07-19,""Vidro"",""73400"""
"2024-07-19,""Restos Comida"",""66200"""
"2024-07-19,""Monstros"",""176600"""
"2024-07-19,""Papel"",""110800"""
"2024-07-19,""Plastico"",""228600"""
"2024-07-19,""Cortes de Jardim"",""659600"""
"2024-07-18,""Vidro"",""71600"""
"2024-07-18,""Indiferenciado"",""2457800"""
"2024-07-18,""Papel"",""323400"""
"2024-07-18,""Cortes de Jardim"",""855800"""
"2024-07-18,""Monstros"",""218800"""
"2024-07-18,""Residuos Limpeza"",""1093400"""
"2024-07-18,""Plastico"",""67200"""
"2024-07-18,""Restos Comida"",""89200"""
"2024-07-16,""Residuos Limpeza"",""786200"""
"2024-07-16,""Papel"",""58800"""
"2024-07-16,""Plastico"",""335200"""
"2024-07-16,""Restos Comida"",""78400"""
"2024-07-16,""Monstros"",""311400"""
"2024-07-16,""Cortes de Jardim"",""688000"""
"2024-07-16,""Indiferenciado"",""2723400"""
"2024-07-16,""Vidro"",""84000"""
"2024-07-15,""Restos Comida"",""128600"""
"2024-07-15,""Plastico"",""25000"""
"2024-07-15,""Residuos Limpeza"",""409000"""
"2024-07-15,""Indiferenciado"",""2386200"""
"2024-07-15,""Papel"",""394400"""
"2024-07-15,""Monstros"",""298800"""
"2024-07-15,""Cortes de Jardim"",""871000"""
"2024-07-15,""Vidro"",""203600"""
"2024-07-14,""Residuos Limpeza"",""30200"""
"2024-07-14,""Plastico"",""26600"""
"2024-07-14,""Indiferenciado"",""2418400"""
"2024-07-14,""Papel"",""66000"""
"2024-07-13,""Indiferenciado"",""2530200"""
"2024-07-13,""Restos Comida"",""78600"""
"2024-07-13,""Residuos Limpeza"",""227800"""
"2024-07-13,""Cortes de Jardim"",""1151800"""
"2024-07-13,""Papel"",""126800"""
"2024-07-13,""Plastico"",""36200"""
"2024-07-13,""Monstros"",""149200"""
"2024-07-13,""Vidro"",""201400"""
"2024-07-12,""Indiferenciado"",""2481600"""
"2024-07-12,""Vidro"",""130000"""
"2024-07-12,""Papel"",""54800"""
"2024-07-12,""Cortes de Jardim"",""1102200"""
"2024-07-12,""Monstros"",""276200"""
"2024-07-12,""Plastico"",""250000"""
"2024-07-12,""Restos Comida"",""81000"""
"2024-07-12,""Residuos Limpeza"",""115000"""
"2024-07-11,""Indiferenciado"",""2476200"""
"2024-07-11,""Vidro"",""111000"""
"2024-07-11,""Restos Comida"",""91600"""
"2024-07-11,""Monstros"",""338200"""
"2024-07-11,""Papel"",""266800"""
"2024-07-11,""Cortes de Jardim"",""1010600"""
"2024-07-11,""Residuos Limpeza"",""210000"""
"2024-07-11,""Plastico"",""54800"""
"2024-07-10,""Cortes de Jardim"",""817400"""
"2024-07-10,""Indiferenciado"",""2456800"""
"2024-07-10,""Vidro"",""222000"""
"2024-07-10,""Restos Comida"",""79600"""
"2024-07-10,""Residuos Limpeza"",""192400"""
"2024-07-10,""Plastico"",""71000"""
"2024-07-10,""Papel"",""180600"""
"2024-07-10,""Monstros"",""283200"""
"2024-07-09,""Indiferenciado"",""2585000"""
"2024-07-09,""Cortes de Jardim"",""890200"""
"2024-07-09,""Papel"",""24000"""
"2024-07-09,""Monstros"",""166000"""
"2024-07-09,""Vidro"",""212000"""
"2024-07-09,""Restos Comida"",""77600"""
"2024-07-09,""Plastico"",""364200"""
"2024-07-09,""Residuos Limpeza"",""155000"""
"2024-07-08,""Monstros"",""181800"""
"2024-07-08,""Papel"",""378000"""
"2024-07-08,""Indiferenciado"",""2540200"""
"2024-07-08,""Residuos Limpeza"",""297200"""
"2024-07-08,""Plastico"",""55800"""
"2024-07-08,""Restos Comida"",""144000"""
"2024-07-08,""Vidro"",""232800"""
"2024-07-08,""Cortes de Jardim"",""681800"""
"2024-07-07,""Monstros"",""3800"""
"2024-07-07,""Residuos Limpeza"",""15400"""
"2024-07-07,""Indiferenciado"",""2435800"""
"2024-07-07,""Papel"",""41600"""
"2024-07-06,""Indiferenciado"",""2619600"""
"2024-07-06,""Restos Comida"",""72800"""
"2024-07-06,""Cortes de Jardim"",""1107000"""
"2024-07-06,""Papel"",""164000"""
"2024-07-06,""Monstros"",""108800"""
"2024-07-06,""Plastico"",""93200"""
"2024-07-06,""Residuos Limpeza"",""49600"""
"2024-07-06,""Vidro"",""95400"""
"2024-07-05,""Papel"",""58200"""
"2024-07-05,""Indiferenciado"",""2534200"""
"2024-07-05,""Restos Comida"",""85400"""
"2024-07-05,""Cortes de Jardim"",""683000"""
"2024-07-05,""Monstros"",""180600"""
"2024-07-05,""Plastico"",""234800"""
"2024-07-05,""Vidro"",""54000"""
"2024-07-05,""Residuos Limpeza"",""678800"""
"2024-07-04,""Restos Comida"",""88600"""
"2024-07-04,""Residuos Limpeza"",""933000"""
"2024-07-04,""Cortes de Jardim"",""786200"""
"2024-07-04,""Plastico"",""48800"""
"2024-07-04,""Papel"",""326800"""
"2024-07-04,""Monstros"",""184400"""
"2024-07-04,""Indiferenciado"",""2582400"""
"2024-07-04,""Vidro"",""80400"""
"2024-07-03,""Monstros"",""237600"""
"2024-07-03,""Restos Comida"",""76600"""
"2024-07-03,""Plastico"",""106000"""
"2024-07-03,""Residuos Limpeza"",""632800"""
"2024-07-03,""Indiferenciado"",""2445400"""
"2024-07-03,""Papel"",""166400"""
"2024-07-03,""Cortes de Jardim"",""889800"""
"2024-07-03,""Vidro"",""192800"""
"2024-07-02,""Plastico"",""319600"""
"2024-07-02,""Restos Comida"",""77200"""
"2024-07-02,""Residuos Limpeza"",""284000"""
"2024-07-02,""Papel"",""121000"""
"2024-07-02,""Cortes de Jardim"",""960600"""
"2024-07-02,""Indiferenciado"",""2563200"""
"2024-07-02,""Monstros"",""192200"""
"2024-07-02,""Vidro"",""96400"""
"2024-07-01,""Indiferenciado"",""2447800"""
"2024-07-01,""Residuos Limpeza"",""178600"""
"2024-07-01,""Restos Comida"",""127600"""
"2024-07-01,""Papel"",""324800"""
"2024-07-01,""Plastico"",""30200"""
"2024-07-01,""Cortes de Jardim"",""972200"""
"2024-07-01,""Vidro"",""75000"""
"2024-07-01,""Monstros"",""326400"""
"2024-06-30,""Indiferenciado"",""2381200"""
"2024-06-30,""Residuos Limpeza"",""6400"""
"2024-06-30,""Papel"",""54600"""
"2024-06-29,""Indiferenciado"",""2576600"""
"2024-06-29,""Papel"",""116400"""
"2024-06-29,""Monstros"",""179400"""
"2024-06-29,""Cortes de Jardim"",""997200"""
"2024-06-29,""Restos Comida"",""77200"""
"2024-06-29,""Plastico"",""83200"""
"2024-06-29,""Residuos Limpeza"",""81600"""
"2024-06-29,""Vidro"",""181400"""
"2024-06-28,""Plastico"",""205000"""
"2024-06-28,""Monstros"",""152400"""
"2024-06-28,""Restos Comida"",""61000"""
"2024-06-28,""Cortes de Jardim"",""1164000"""
"2024-06-28,""Papel"",""97000"""
"2024-06-28,""Vidro"",""66000"""
"2024-06-28,""Indiferenciado"",""2466000"""
"2024-06-28,""Residuos Limpeza"",""281000"""
"2024-06-27,""Monstros"",""205800"""
"2024-06-27,""Papel"",""282800"""
"2024-06-27,""Restos Comida"",""76000"""
"2024-06-27,""Plastico"",""52600"""
"2024-06-27,""Residuos Limpeza"",""364200"""
"2024-06-27,""Vidro"",""157400"""
"2024-06-27,""Indiferenciado"",""2267000"""
"2024-06-27,""Cortes de Jardim"",""1054200"""
"2024-06-26,""Plastico"",""83200"""
"2024-06-26,""Monstros"",""271000"""
"2024-06-26,""Residuos Limpeza"",""281600"""
"2024-06-26,""Restos Comida"",""71600"""
"2024-06-26,""Indiferenciado"",""2462000"""
"2024-06-26,""Papel"",""168600"""
"2024-06-26,""Vidro"",""154000"""
"2024-06-26,""Cortes de Jardim"",""952600"""
"2024-06-25,""Residuos Limpeza"",""149800"""
"2024-06-25,""Plastico"",""348600"""
"2024-06-25,""Indiferenciado"",""2572800"""
"2024-06-25,""Papel"",""40000"""
"2024-06-25,""Monstros"",""261600"""
"2024-06-25,""Cortes de Jardim"",""861200"""
"2024-06-25,""Restos Comida"",""80200"""
"2024-06-25,""Vidro"",""212200"""
"2024-06-24,""Indiferenciado"",""2492000"""
"2024-06-24,""Residuos Limpeza"",""255600"""
"2024-06-24,""Cortes de Jardim"",""1020200"""
"2024-06-24,""Monstros"",""178600"""
"2024-06-24,""Vidro"",""199200"""
"2024-06-24,""Papel"",""337800"""
"2024-06-24,""Plastico"",""41400"""
"2024-06-24,""Restos Comida"",""129600"""
"2024-06-23,""Indiferenciado"",""2335000"""
"2024-06-23,""Papel"",""44400"""
"2024-06-23,""Residuos Limpeza"",""12600"""
"2024-06-23,""Plastico"",""22800"""
"2024-06-23,""Monstros"",""2200"""
"2024-06-22,""Indiferenciado"",""2535800"""
"2024-06-22,""Residuos Limpeza"",""103800"""
"2024-06-22,""Vidro"",""415600"""
"2024-06-22,""Plastico"",""40400"""
"2024-06-22,""Papel"",""139200"""
"2024-06-22,""Cortes de Jardim"",""1070400"""
"2024-06-22,""Monstros"",""153200"""
"2024-06-22,""Restos Comida"",""78800"""
"2024-06-21,""Vidro"",""97200"""
"2024-06-21,""Indiferenciado"",""2418600"""
"2024-06-21,""Cortes de Jardim"",""2313800"""
"2024-06-21,""Restos Comida"",""72400"""
"2024-06-21,""Papel"",""54000"""
"2024-06-21,""Monstros"",""199000"""
"2024-06-21,""Plastico"",""230200"""
"2024-06-21,""Residuos Limpeza"",""154200"""
"2024-06-20,""Cortes de Jardim"",""1315800"""
"2024-06-20,""Papel"",""350800"""
"2024-06-20,""Indiferenciado"",""2384000"""
"2024-06-20,""Residuos Limpeza"",""257000"""
"2024-06-20,""Plastico"",""79000"""
"2024-06-20,""Restos Comida"",""126400"""
"2024-06-20,""Vidro"",""209600"""
"2024-06-20,""Monstros"",""185400"""
"2024-06-19,""Indiferenciado"",""2429800"""
"2024-06-19,""Papel"",""156200"""
"2024-06-19,""Vidro"",""121800"""
"2024-06-19,""Monstros"",""214200"""
"2024-06-19,""Cortes de Jardim"",""1094200"""
"2024-06-19,""Plastico"",""113000"""
"2024-06-19,""Restos Comida"",""82200"""
"2024-06-19,""Residuos Limpeza"",""426600"""
"2024-06-18,""Monstros"",""369400"""
"2024-06-18,""Vidro"",""186800"""
"2024-06-18,""Cortes de Jardim"",""1201400"""
"2024-06-18,""Indiferenciado"",""2500400"""
"2024-06-18,""Residuos Limpeza"",""108200"""
"2024-06-18,""Papel"",""120000"""
"2024-06-18,""Restos Comida"",""65200"""
"2024-06-18,""Plastico"",""324800"""
"2024-06-17,""Papel"",""305800"""
"2024-06-17,""Cortes de Jardim"",""944800"""
"2024-06-17,""Monstros"",""241600"""
"2024-06-17,""Plastico"",""30800"""
"2024-06-17,""Restos Comida"",""130000"""
"2024-06-17,""Residuos Limpeza"",""94000"""
"2024-06-17,""Indiferenciado"",""2496600"""
"2024-06-17,""Vidro"",""58400"""
"2024-06-16,""Papel"",""57600"""
"2024-06-16,""Indiferenciado"",""2238800"""
"2024-06-16,""Residuos Limpeza"",""8000"""
"2024-06-15,""Cortes de Jardim"",""896400"""
"2024-06-15,""Residuos Limpeza"",""84800"""
"2024-06-15,""Monstros"",""146200"""
"2024-06-15,""Plastico"",""70000"""
"2024-06-15,""Papel"",""142800"""
"2024-06-15,""Restos Comida"",""89800"""
"2024-06-15,""Indiferenciado"",""2578400"""
"2024-06-15,""Vidro"",""88600"""
"2024-06-14,""Restos Comida"",""67400"""
"2024-06-14,""Monstros"",""184800"""
"2024-06-14,""Plastico"",""194600"""
"2024-06-14,""Residuos Limpeza"",""139200"""
"2024-06-14,""Vidro"",""95200"""
"2024-06-14,""Indiferenciado"",""2245800"""
"2024-06-14,""Papel"",""28800"""
"2024-06-14,""Cortes de Jardim"",""729000"""
"2024-06-13,""Restos Comida"",""77600"""
"2024-06-13,""Plastico"",""53000"""
"2024-06-13,""Residuos Limpeza"",""22600"""
"2024-06-13,""Papel"",""217600"""
"2024-06-13,""Monstros"",""15200"""
"2024-06-13,""Vidro"",""261000"""
"2024-06-13,""Indiferenciado"",""2363200"""
"2024-06-13,""Cortes de Jardim"",""111600"""
"2024-06-12,""Residuos Limpeza"",""17400"""
"2024-06-12,""Indiferenciado"",""2496400"""
"2024-06-12,""Monstros"",""397000"""
"2024-06-12,""Vidro"",""91200"""
"2024-06-12,""Papel"",""252600"""
"2024-06-12,""Plastico"",""80400"""
"2024-06-12,""Restos Comida"",""56000"""
"2024-06-12,""Cortes de Jardim"",""734000"""
"2024-06-11,""Indiferenciado"",""2531400"""
"2024-06-11,""Residuos Limpeza"",""99800"""
"2024-06-11,""Plastico"",""333000"""
"2024-06-11,""Restos Comida"",""65600"""
"2024-06-11,""Papel"",""37800"""
"2024-06-11,""Monstros"",""165400"""
"2024-06-11,""Cortes de Jardim"",""688000"""
"2024-06-10,""Vidro"",""69800"""
"2024-06-10,""Cortes de Jardim"",""213200"""
"2024-06-10,""Monstros"",""35600"""
"2024-06-10,""Papel"",""264600"""
"2024-06-10,""Restos Comida"",""126000"""
"2024-06-10,""Residuos Limpeza"",""5600"""
"2024-06-10,""Plastico"",""47200"""
"2024-06-10,""Indiferenciado"",""2200800"""
"2024-06-09,""Indiferenciado"",""2170800"""
"2024-06-09,""Papel"",""52800"""
"2024-06-09,""Monstros"",""7400"""
"2024-06-09,""Residuos Limpeza"",""4400"""
"2024-06-08,""Cortes de Jardim"",""828200"""
"2024-06-08,""Vidro"",""138200"""
"2024-06-08,""Indiferenciado"",""2467800"""
"2024-06-08,""Restos Comida"",""73000"""
"2024-06-08,""Plastico"",""70800"""
"2024-06-08,""Papel"",""134200"""
"2024-06-08,""Monstros"",""159600"""
"2024-06-08,""Residuos Limpeza"",""115000"""
"2024-06-07,""Papel"",""47400"""
"2024-06-07,""Cortes de Jardim"",""761000"""
"2024-06-07,""Monstros"",""202600"""
"2024-06-07,""Indiferenciado"",""2445600"""
"2024-06-07,""Vidro"",""108800"""
"2024-06-07,""Restos Comida"",""79800"""
"2024-06-07,""Plastico"",""198600"""
"2024-06-07,""Residuos Limpeza"",""41400"""
"2024-06-06,""Indiferenciado"",""2404400"""
"2024-06-06,""Papel"",""322600"""
"2024-06-06,""Cortes de Jardim"",""940600"""
"2024-06-06,""Vidro"",""173600"""
"2024-06-06,""Residuos Limpeza"",""42800"""
"2024-06-06,""Plastico"",""54000"""
"2024-06-06,""Restos Comida"",""68400"""
"2024-06-06,""Monstros"",""179200"""
"2024-06-05,""Cortes de Jardim"",""1028200"""
"2024-06-05,""Papel"",""144200"""
"2024-06-05,""Restos Comida"",""75200"""
"2024-06-05,""Plastico"",""73600"""
"2024-06-05,""Vidro"",""174000"""
"2024-06-05,""Monstros"",""218200"""
"2024-06-05,""Indiferenciado"",""2439400"""
"2024-06-05,""Residuos Limpeza"",""63800"""
"2024-06-04,""Cortes de Jardim"",""1081000"""
"2024-06-04,""Monstros"",""370600"""
"2024-06-04,""Papel"",""36000"""
"2024-06-04,""Restos Comida"",""75600"""
"2024-06-04,""Plastico"",""373600"""
"2024-06-04,""Residuos Limpeza"",""52600"""
"2024-06-04,""Vidro"",""171200"""
"2024-06-04,""Indiferenciado"",""2557200"""
"2024-06-03,""Residuos Limpeza"",""128000"""
"2024-06-03,""Plastico"",""55200"""
"2024-06-03,""Papel"",""370200"""
"2024-06-03,""Cortes de Jardim"",""770000"""
"2024-06-03,""Monstros"",""483800"""
"2024-06-03,""Restos Comida"",""129600"""
"2024-06-03,""Vidro"",""172600"""
"2024-06-03,""Indiferenciado"",""2748800"""
"2024-06-02,""Papel"",""67000"""
"2024-06-02,""Monstros"",""12400"""
"2024-06-02,""Indiferenciado"",""2198200"""
"2024-06-01,""Restos Comida"",""68200"""
"2024-06-01,""Plastico"",""56800"""
"2024-06-01,""Residuos Limpeza"",""42600"""
"2024-06-01,""Indiferenciado"",""2545000"""
"2024-06-01,""Papel"",""147800"""
"2024-06-01,""Cortes de Jardim"",""735600"""
"2024-06-01,""Vidro"",""161600"""
"2024-06-01,""Monstros"",""281000"""
"2024-05-31,""Residuos Limpeza"",""133000"""
"2024-05-31,""Monstros"",""368000"""
"2024-05-31,""Plastico"",""225000"""
"2024-05-31,""Restos Comida"",""69000"""
"2024-05-31,""Papel"",""40200"""
"2024-05-31,""Vidro"",""134200"""
"2024-05-31,""Cortes de Jardim"",""975800"""
"2024-05-31,""Indiferenciado"",""2378200"""
"2024-05-30,""Residuos Limpeza"",""2000"""
"2024-05-30,""Indiferenciado"",""2408800"""
"2024-05-30,""Cortes de Jardim"",""186200"""
"2024-05-30,""Monstros"",""39000"""
"2024-05-30,""Vidro"",""75200"""
"2024-05-30,""Restos Comida"",""68200"""
"2024-05-30,""Plastico"",""52000"""
"2024-05-30,""Papel"",""200000"""
"2024-05-29,""Indiferenciado"",""2372200"""
"2024-05-29,""Vidro"",""153000"""
"2024-05-29,""Residuos Limpeza"",""110600"""
"2024-05-29,""Restos Comida"",""68800"""
"2024-05-29,""Plastico"",""84600"""
"2024-05-29,""Papel"",""179600"""
"2024-05-29,""Cortes de Jardim"",""952000"""
"2024-05-29,""Monstros"",""335600"""
"2024-05-28,""Vidro"",""219000"""
"2024-05-28,""Indiferenciado"",""2480200"""
"2024-05-28,""Papel"",""85600"""
"2024-05-28,""Cortes de Jardim"",""943200"""
"2024-05-28,""Monstros"",""175400"""
"2024-05-28,""Plastico"",""351200"""
"2024-05-28,""Restos Comida"",""68000"""
"2024-05-28,""Residuos Limpeza"",""160800"""
"2024-05-27,""Vidro"",""84000"""
"2024-05-27,""Indiferenciado"",""2309200"""
"2024-05-27,""Residuos Limpeza"",""421800"""
"2024-05-27,""Plastico"",""23400"""
"2024-05-27,""Restos Comida"",""127600"""
"2024-05-27,""Papel"",""319800"""
"2024-05-27,""Cortes de Jardim"",""761200"""
"2024-05-27,""Monstros"",""214200"""
"2024-05-26,""Indiferenciado"",""2315600"""
"2024-05-26,""Papel"",""46600"""
"2024-05-26,""Monstros"",""3400"""
"2024-05-26,""Residuos Limpeza"",""8400"""
"2024-05-25,""Papel"",""110800"""
"2024-05-25,""Cortes de Jardim"",""1010000"""
"2024-05-25,""Vidro"",""178200"""
"2024-05-25,""Indiferenciado"",""2444200"""
"2024-05-25,""Restos Comida"",""70000"""
"2024-05-25,""Plastico"",""73600"""
"2024-05-25,""Residuos Limpeza"",""36200"""
"2024-05-25,""Monstros"",""126600"""
"2024-05-24,""Monstros"",""173200"""
"2024-05-24,""Vidro"",""80400"""
"2024-05-24,""Restos Comida"",""189600"""
"2024-05-24,""Papel"",""72200"""
"2024-05-24,""Plastico"",""204400"""
"2024-05-24,""Cortes de Jardim"",""1218000"""
"2024-05-24,""Indiferenciado"",""2288000"""
"2024-05-24,""Residuos Limpeza"",""174200"""
"2024-05-23,""Papel"",""283600"""
"2024-05-23,""Vidro"",""62600"""
"2024-05-23,""Monstros"",""237000"""
"2024-05-23,""Cortes de Jardim"",""1298000"""
"2024-05-23,""Indiferenciado"",""2343000"""
"2024-05-23,""Residuos Limpeza"",""153600"""
"2024-05-23,""Restos Comida"",""70200"""
"2024-05-23,""Plastico"",""50600"""
"2024-05-22,""Papel"",""152600"""
"2024-05-22,""Cortes de Jardim"",""1056200"""
"2024-05-22,""Monstros"",""183400"""
"2024-05-22,""Residuos Limpeza"",""126600"""
"2024-05-22,""Plastico"",""63400"""
"2024-05-22,""Restos Comida"",""53600"""
"2024-05-22,""Vidro"",""212800"""
"2024-05-22,""Indiferenciado"",""2370200"""
"2024-05-21,""Residuos Limpeza"",""100200"""
"2024-05-21,""Plastico"",""340400"""
"2024-05-21,""Cortes de Jardim"",""1209600"""
"2024-05-21,""Papel"",""132200"""
"2024-05-21,""Restos Comida"",""62800"""
"2024-05-21,""Monstros"",""269400"""
"2024-05-21,""Vidro"",""144200"""
"2024-05-21,""Indiferenciado"",""2423800"""
"2024-05-20,""Monstros"",""209000"""
"2024-05-20,""Papel"",""339200"""
"2024-05-20,""Plastico"",""29800"""
"2024-05-20,""Restos Comida"",""122800"""
"2024-05-20,""Residuos Limpeza"",""71600"""
"2024-05-20,""Vidro"",""182400"""
"2024-05-20,""Indiferenciado"",""2467800"""
"2024-05-20,""Cortes de Jardim"",""1128800"""
"2024-05-19,""Papel"",""44600"""
"2024-05-19,""Monstros"",""3400"""
"2024-05-19,""Indiferenciado"",""2151600"""
"2024-05-18,""Residuos Limpeza"",""3200"""
"2024-05-18,""Plastico"",""56200"""
"2024-05-18,""Vidro"",""238600"""
"2024-05-18,""Monstros"",""194600"""
"2024-05-18,""Restos Comida"",""80000"""
"2024-05-18,""Indiferenciado"",""2573800"""
"2024-05-18,""Papel"",""99600"""
"2024-05-18,""Cortes de Jardim"",""913800"""
"2024-05-17,""Residuos Limpeza"",""165400"""
"2024-05-17,""Restos Comida"",""63800"""
"2024-05-17,""Indiferenciado"",""2224400"""
"2024-05-17,""Cortes de Jardim"",""964800"""
"2024-05-17,""Monstros"",""233000"""
"2024-05-17,""Plastico"",""229000"""
"2024-05-17,""Papel"",""38800"""
"2024-05-17,""Vidro"",""172400"""
"2024-05-16,""Indiferenciado"",""2234000"""
"2024-05-16,""Vidro"",""311800"""
"2024-05-16,""Plastico"",""16400"""
"2024-05-16,""Restos Comida"",""60800"""
"2024-05-16,""Papel"",""263800"""
"2024-05-16,""Cortes de Jardim"",""1077400"""
"2024-05-16,""Monstros"",""263200"""
"2024-05-16,""Residuos Limpeza"",""205400"""
"2024-05-15,""Indiferenciado"",""2402400"""
"2024-05-15,""Vidro"",""93200"""
"2024-05-15,""Cortes de Jardim"",""962200"""
"2024-05-15,""Monstros"",""226400"""
"2024-05-15,""Papel"",""158000"""
"2024-05-15,""Residuos Limpeza"",""176800"""
"2024-05-15,""Restos Comida"",""72200"""
"2024-05-15,""Plastico"",""125800"""
"2024-05-14,""Cortes de Jardim"",""1009800"""
"2024-05-14,""Vidro"",""124200"""
"2024-05-14,""Indiferenciado"",""2460600"""
"2024-05-14,""Restos Comida"",""62400"""
"2024-05-14,""Residuos Limpeza"",""204800"""
"2024-05-14,""Plastico"",""340800"""
"2024-05-14,""Papel"",""111200"""
"2024-05-14,""Monstros"",""193400"""
"2024-05-13,""Indiferenciado"",""2379400"""
"2024-05-13,""Cortes de Jardim"",""957200"""
"2024-05-13,""Papel"",""307800"""
"2024-05-13,""Monstros"",""188000"""
"2024-05-13,""Vidro"",""157000"""
"2024-05-13,""Restos Comida"",""106200"""
"2024-05-13,""Plastico"",""35000"""
"2024-05-13,""Residuos Limpeza"",""152200"""
"2024-05-12,""Monstros"",""9800"""
"2024-05-12,""Papel"",""47000"""
"2024-05-12,""Indiferenciado"",""2373600"""
"2024-05-12,""Residuos Limpeza"",""1600"""
"2024-05-12,""Vidro"",""17600"""
"2024-05-11,""Cortes de Jardim"",""847000"""
"2024-05-11,""Papel"",""98600"""
"2024-05-11,""Plastico"",""89600"""
"2024-05-11,""Vidro"",""55600"""
"2024-05-11,""Monstros"",""141000"""
"2024-05-11,""Residuos Limpeza"",""9800"""
"2024-05-11,""Indiferenciado"",""2513000"""
"2024-05-11,""Restos Comida"",""75600"""
"2024-05-10,""Restos Comida"",""73600"""
"2024-05-10,""Papel"",""58000"""
"2024-05-10,""Cortes de Jardim"",""880600"""
"2024-05-10,""Monstros"",""168800"""
"2024-05-10,""Indiferenciado"",""2451000"""
"2024-05-10,""Plastico"",""248800"""
"2024-05-10,""Residuos Limpeza"",""16800"""
"2024-05-10,""Vidro"",""80000"""
"2024-05-09,""Monstros"",""181400"""
"2024-05-09,""Papel"",""270200"""
"2024-05-09,""Indiferenciado"",""2365800"""
"2024-05-09,""Restos Comida"",""67200"""
"2024-05-09,""Plastico"",""32800"""
"2024-05-09,""Cortes de Jardim"",""1217200"""
"2024-05-09,""Residuos Limpeza"",""102200"""
"2024-05-09,""Vidro"",""89000"""
"2024-05-08,""Restos Comida"",""65800"""
"2024-05-08,""Residuos Limpeza"",""154600"""
"2024-05-08,""Plastico"",""122600"""
"2024-05-08,""Cortes de Jardim"",""1171200"""
"2024-05-08,""Papel"",""167000"""
"2024-05-08,""Monstros"",""224200"""
"2024-05-08,""Indiferenciado"",""2473200"""
"2024-05-08,""Vidro"",""250000"""
"2024-05-07,""Restos Comida"",""64400"""
"2024-05-07,""Monstros"",""269400"""
"2024-05-07,""Residuos Limpeza"",""161600"""
"2024-05-07,""Plastico"",""322600"""
"2024-05-07,""Papel"",""51400"""
"2024-05-07,""Vidro"",""150600"""
"2024-05-07,""Indiferenciado"",""2536000"""
"2024-05-07,""Cortes de Jardim"",""1147600"""
"2024-05-06,""Restos Comida"",""124600"""
"2024-05-06,""Plastico"",""39200"""
"2024-05-06,""Residuos Limpeza"",""264400"""
"2024-05-06,""Indiferenciado"",""2224200"""
"2024-05-06,""Papel"",""353000"""
"2024-05-06,""Monstros"",""206400"""
"2024-05-06,""Vidro"",""175600"""
"2024-05-06,""Cortes de Jardim"",""979000"""
"2024-05-05,""Indiferenciado"",""2200200"""
"2024-05-05,""Residuos Limpeza"",""4400"""
"2024-05-05,""Papel"",""64400"""
"2024-05-04,""Indiferenciado"",""2408200"""
"2024-05-04,""Residuos Limpeza"",""8400"""
"2024-05-04,""Cortes de Jardim"",""770200"""
"2024-05-04,""Monstros"",""228000"""
"2024-05-04,""Vidro"",""278000"""
"2024-05-04,""Restos Comida"",""76400"""
"2024-05-04,""Papel"",""116200"""
"2024-05-04,""Plastico"",""51200"""
"2024-05-03,""Indiferenciado"",""2503800"""
"2024-05-03,""Vidro"",""76800"""
"2024-05-03,""Papel"",""37600"""
"2024-05-03,""Monstros"",""213600"""
"2024-05-03,""Cortes de Jardim"",""824400"""
"2024-05-03,""Plastico"",""218400"""
"2024-05-03,""Restos Comida"",""84800"""
"2024-05-03,""Residuos Limpeza"",""43600"""
"2024-05-02,""Indiferenciado"",""2449200"""
"2024-05-02,""Cortes de Jardim"",""1067800"""
"2024-05-02,""Papel"",""311200"""
"2024-05-02,""Restos Comida"",""31800"""
"2024-05-02,""Monstros"",""206800"""
"2024-05-02,""Plastico"",""41000"""
"2024-05-02,""Residuos Limpeza"",""53400"""
"2024-05-01,""Cortes de Jardim"",""243200"""
"2024-05-01,""Vidro"",""80800"""
"2024-05-01,""Indiferenciado"",""2212000"""
"2024-05-01,""Papel"",""108600"""
"2024-05-01,""Plastico"",""44200"""
"2024-05-01,""Restos Comida"",""65400"""
"2024-05-01,""Monstros"",""26400"""
"2024-04-30,""Cortes de Jardim"",""811000"""
"2024-04-30,""Indiferenciado"",""2460000"""
"2024-04-30,""Papel"",""42800"""
"2024-04-30,""Vidro"",""164000"""
"2024-04-30,""Plastico"",""354200"""
"2024-04-30,""Monstros"",""241600"""
"2024-04-30,""Restos Comida"",""58200"""
"2024-04-30,""Residuos Limpeza"",""261400"""
"2024-04-29,""Indiferenciado"",""2291400"""
"2024-04-29,""Monstros"",""211400"""
"2024-04-29,""Restos Comida"",""127400"""
"2024-04-29,""Papel"",""386600"""
"2024-04-29,""Residuos Limpeza"",""208800"""
"2024-04-29,""Plastico"",""37200"""
"2024-04-29,""Cortes de Jardim"",""955600"""
"2024-04-29,""Vidro"",""94800"""
"2024-04-28,""Papel"",""54200"""
"2024-04-28,""Indiferenciado"",""2112600"""
"2024-04-27,""Plastico"",""31400"""
"2024-04-27,""Monstros"",""232200"""
"2024-04-27,""Restos Comida"",""67400"""
"2024-04-27,""Indiferenciado"",""2406200"""
"2024-04-27,""Papel"",""91800"""
"2024-04-27,""Cortes de Jardim"",""766200"""
"2024-04-27,""Residuos Limpeza"",""19800"""
"2024-04-27,""Vidro"",""175400"""
"2024-04-26,""Cortes de Jardim"",""872400"""
"2024-04-26,""Monstros"",""117200"""
"2024-04-26,""Papel"",""71600"""
"2024-04-26,""Plastico"",""242200"""
"2024-04-26,""Restos Comida"",""69600"""
"2024-04-26,""Residuos Limpeza"",""15600"""
"2024-04-26,""Vidro"",""146400"""
"2024-04-26,""Indiferenciado"",""2320000"""
"2024-04-25,""Plastico"",""50000"""
"2024-04-25,""Restos Comida"",""70000"""
"2024-04-25,""Residuos Limpeza"",""73000"""
"2024-04-25,""Papel"",""242000"""
"2024-04-25,""Monstros"",""39600"""
"2024-04-25,""Cortes de Jardim"",""193000"""
"2024-04-25,""Indiferenciado"",""2308400"""
"2024-04-25,""Vidro"",""92600"""
"2024-04-24,""Restos Comida"",""75200"""
"2024-04-24,""Plastico"",""137400"""
"2024-04-24,""Residuos Limpeza"",""147400"""
"2024-04-24,""Indiferenciado"",""2534400"""
"2024-04-24,""Cortes de Jardim"",""804600"""
"2024-04-24,""Papel"",""201000"""
"2024-04-24,""Monstros"",""183200"""
"2024-04-24,""Vidro"",""130200"""
"2024-04-23,""Residuos Limpeza"",""185200"""
"2024-04-23,""Restos Comida"",""69000"""
"2024-04-23,""Plastico"",""287400"""
"2024-04-23,""Papel"",""52600"""
"2024-04-23,""Monstros"",""125000"""
"2024-04-23,""Vidro"",""195800"""
"2024-04-23,""Cortes de Jardim"",""922000"""
"2024-04-23,""Indiferenciado"",""2486800"""
"2024-04-22,""Residuos Limpeza"",""23800"""
"2024-04-22,""Indiferenciado"",""2338400"""
"2024-04-22,""Vidro"",""108800"""
"2024-04-22,""Monstros"",""180200"""
"2024-04-22,""Plastico"",""36200"""
"2024-04-22,""Restos Comida"",""120200"""
"2024-04-22,""Papel"",""310800"""
"2024-04-22,""Cortes de Jardim"",""987400"""
"2024-04-21,""Indiferenciado"",""2456000"""
"2024-04-21,""Residuos Limpeza"",""4600"""
"2024-04-21,""Papel"",""55000"""
"2024-04-20,""Vidro"",""166200"""
"2024-04-20,""Indiferenciado"",""2492600"""
"2024-04-20,""Papel"",""114400"""
"2024-04-20,""Cortes de Jardim"",""950400"""
"2024-04-20,""Monstros"",""140000"""
"2024-04-20,""Restos Comida"",""78000"""
"2024-04-20,""Plastico"",""33200"""
"2024-04-20,""Residuos Limpeza"",""124600"""
"2024-04-19,""Indiferenciado"",""2541800"""
"2024-04-19,""Vidro"",""98600"""
"2024-04-19,""Residuos Limpeza"",""192800"""
"2024-04-19,""Cortes de Jardim"",""944600"""
"2024-04-19,""Restos Comida"",""57200"""
"2024-04-19,""Plastico"",""218200"""
"2024-04-19,""Papel"",""27800"""
"2024-04-19,""Monstros"",""165200"""
"2024-04-18,""Vidro"",""85400"""
"2024-04-18,""Indiferenciado"",""2209800"""
"2024-04-18,""Cortes de Jardim"",""855000"""
"2024-04-18,""Monstros"",""206600"""
"2024-04-18,""Restos Comida"",""72000"""
"2024-04-18,""Papel"",""289000"""
"2024-04-18,""Plastico"",""60800"""
"2024-04-18,""Residuos Limpeza"",""96000"""
"2024-04-17,""Papel"",""141400"""
"2024-04-17,""Monstros"",""208400"""
"2024-04-17,""Vidro"",""204600"""
"2024-04-17,""Indiferenciado"",""2363800"""
"2024-04-17,""Restos Comida"",""67600"""
"2024-04-17,""Residuos Limpeza"",""21800"""
"2024-04-17,""Plastico"",""136600"""
"2024-04-17,""Cortes de Jardim"",""971800"""
"2024-04-16,""Monstros"",""168000"""
"2024-04-16,""Plastico"",""296600"""
"2024-04-16,""Restos Comida"",""65800"""
"2024-04-16,""Vidro"",""168400"""
"2024-04-16,""Residuos Limpeza"",""123200"""
"2024-04-16,""Cortes de Jardim"",""1063200"""
"2024-04-16,""Papel"",""62600"""
"2024-04-16,""Indiferenciado"",""2425600"""
"2024-04-15,""Papel"",""333200"""
"2024-04-15,""Restos Comida"",""114000"""
"2024-04-15,""Plastico"",""25400"""
"2024-04-15,""Monstros"",""202400"""
"2024-04-15,""Vidro"",""158600"""
"2024-04-15,""Cortes de Jardim"",""734600"""
"2024-04-15,""Indiferenciado"",""2562400"""
"2024-04-15,""Residuos Limpeza"",""179600"""
"2024-04-14,""Papel"",""50800"""
"2024-04-14,""Monstros"",""3000"""
"2024-04-14,""Indiferenciado"",""2514400"""
"2024-04-13,""Vidro"",""164400"""
"2024-04-13,""Indiferenciado"",""2495400"""
"2024-04-13,""Papel"",""105400"""
"2024-04-13,""Cortes de Jardim"",""880600"""
"2024-04-13,""Monstros"",""136800"""
"2024-04-13,""Restos Comida"",""77800"""
"2024-04-13,""Residuos Limpeza"",""175400"""
"2024-04-13,""Plastico"",""40200"""
"2024-04-12,""Cortes de Jardim"",""1197600"""
"2024-04-12,""Indiferenciado"",""2472000"""
"2024-04-12,""Vidro"",""134800"""
"2024-04-12,""Monstros"",""169600"""
"2024-04-12,""Plastico"",""227000"""
"2024-04-12,""Restos Comida"",""60400"""
"2024-04-12,""Papel"",""51800"""
"2024-04-12,""Residuos Limpeza"",""50600"""
"2024-04-11,""Cortes de Jardim"",""1053600"""
"2024-04-11,""Papel"",""315800"""
"2024-04-11,""Vidro"",""102000"""
"2024-04-11,""Monstros"",""176800"""
"2024-04-11,""Indiferenciado"",""2310800"""
"2024-04-11,""Restos Comida"",""70000"""
"2024-04-11,""Plastico"",""42600"""
"2024-04-11,""Residuos Limpeza"",""141800"""
"2024-04-10,""Indiferenciado"",""2436000"""
"2024-04-10,""Cortes de Jardim"",""1121000"""
"2024-04-10,""Papel"",""173600"""
"2024-04-10,""Residuos Limpeza"",""326000"""
"2024-04-10,""Plastico"",""80800"""
"2024-04-10,""Vidro"",""147800"""
"2024-04-10,""Restos Comida"",""68400"""
"2024-04-10,""Monstros"",""183000"""
"2024-04-09,""Cortes de Jardim"",""1295600"""
"2024-04-09,""Papel"",""33200"""
"2024-04-09,""Restos Comida"",""65000"""
"2024-04-09,""Plastico"",""374600"""
"2024-04-09,""Vidro"",""128800"""
"2024-04-09,""Monstros"",""208000"""
"2024-04-09,""Indiferenciado"",""2440400"""
"2024-04-09,""Residuos Limpeza"",""196400"""
"2024-04-08,""Cortes de Jardim"",""974000"""
"2024-04-08,""Monstros"",""308800"""
"2024-04-08,""Papel"",""392600"""
"2024-04-08,""Restos Comida"",""105800"""
"2024-04-08,""Plastico"",""41800"""
"2024-04-08,""Indiferenciado"",""2537000"""
"2024-04-08,""Residuos Limpeza"",""12600"""
"2024-04-08,""Vidro"",""126400"""
"2024-04-07,""Monstros"",""1800"""
"2024-04-07,""Papel"",""47800"""
"2024-04-07,""Indiferenciado"",""2460000"""
"2024-04-06,""Vidro"",""186400"""
"2024-04-06,""Indiferenciado"",""2591800"""
"2024-04-06,""Cortes de Jardim"",""966800"""
"2024-04-06,""Residuos Limpeza"",""149200"""
"2024-04-06,""Monstros"",""96600"""
"2024-04-06,""Restos Comida"",""58800"""
"2024-04-06,""Papel"",""97000"""
"2024-04-06,""Plastico"",""44200"""
"2024-04-05,""Papel"",""58800"""
"2024-04-05,""Cortes de Jardim"",""1153000"""
"2024-04-05,""Indiferenciado"",""2522000"""
"2024-04-05,""Residuos Limpeza"",""203200"""
"2024-04-05,""Restos Comida"",""65000"""
"2024-04-05,""Plastico"",""216600"""
"2024-04-05,""Vidro"",""127600"""
"2024-04-05,""Monstros"",""170400"""
"2024-04-04,""Indiferenciado"",""2610400"""
"2024-04-04,""Papel"",""326000"""
"2024-04-04,""Cortes de Jardim"",""1040400"""
"2024-04-04,""Residuos Limpeza"",""193200"""
"2024-04-04,""Restos Comida"",""67400"""
"2024-04-04,""Vidro"",""161800"""
"2024-04-04,""Monstros"",""148200"""
"2024-04-04,""Plastico"",""51400"""
"2024-04-03,""Monstros"",""186800"""
"2024-04-03,""Vidro"",""138200"""
"2024-04-03,""Restos Comida"",""63400"""
"2024-04-03,""Plastico"",""104200"""
"2024-04-03,""Indiferenciado"",""2263200"""
"2024-04-03,""Residuos Limpeza"",""54400"""
"2024-04-03,""Cortes de Jardim"",""903600"""
"2024-04-03,""Papel"",""185200"""
"2024-04-02,""Papel"",""86200"""
"2024-04-02,""Cortes de Jardim"",""810600"""
"2024-04-02,""Monstros"",""172600"""
"2024-04-02,""Restos Comida"",""61400"""
"2024-04-02,""Plastico"",""350600"""
"2024-04-02,""Indiferenciado"",""2343600"""
"2024-04-02,""Vidro"",""166600"""
"2024-04-02,""Residuos Limpeza"",""201600"""
"2024-04-01,""Papel"",""422400"""
"2024-04-01,""Cortes de Jardim"",""849000"""
"2024-04-01,""Monstros"",""171200"""
"2024-04-01,""Restos Comida"",""109400"""
"2024-04-01,""Indiferenciado"",""2270400"""
"2024-04-01,""Vidro"",""181600"""
"2024-04-01,""Residuos Limpeza"",""131000"""
"2024-03-31,""Papel"",""28200"""
"2024-03-31,""Indiferenciado"",""2124800"""
"2024-03-30,""Monstros"",""95000"""
"2024-03-30,""Restos Comida"",""63600"""
"2024-03-30,""Plastico"",""73400"""
"2024-03-30,""Papel"",""121200"""
"2024-03-30,""Residuos Limpeza"",""176400"""
"2024-03-30,""Vidro"",""64800"""
"2024-03-30,""Indiferenciado"",""2687000"""
"2024-03-30,""Cortes de Jardim"",""621600"""
"2024-03-29,""Restos Comida"",""60800"""
"2024-03-29,""Plastico"",""161000"""
"2024-03-29,""Papel"",""45200"""
"2024-03-29,""Cortes de Jardim"",""273000"""
"2024-03-29,""Indiferenciado"",""2387600"""
"2024-03-29,""Monstros"",""96000"""
"2024-03-28,""Plastico"",""36800"""
"2024-03-28,""Papel"",""259800"""
"2024-03-28,""Residuos Limpeza"",""6600"""
"2024-03-28,""Indiferenciado"",""2333600"""
"2024-03-28,""Cortes de Jardim"",""876400"""
"2024-03-28,""Restos Comida"",""69000"""
"2024-03-28,""Monstros"",""265400"""
"2024-03-28,""Vidro"",""28800"""
"2024-03-27,""Indiferenciado"",""1964000"""
"2024-03-27,""Residuos Limpeza"",""16400"""
"2024-03-27,""Vidro"",""133600"""
"2024-03-27,""Monstros"",""174800"""
"2024-03-27,""Cortes de Jardim"",""805000"""
"2024-03-27,""Papel"",""124200"""
"2024-03-27,""Restos Comida"",""63600"""
"2024-03-27,""Plastico"",""115800"""
"2024-03-26,""Vidro"",""95400"""
"2024-03-26,""Indiferenciado"",""2544800"""
"2024-03-26,""Papel"",""46800"""
"2024-03-26,""Monstros"",""176200"""
"2024-03-26,""Cortes de Jardim"",""707800"""
"2024-03-26,""Residuos Limpeza"",""160200"""
"2024-03-26,""Restos Comida"",""61600"""
"2024-03-26,""Plastico"",""307400"""
"2024-03-25,""Indiferenciado"",""2095600"""
"2024-03-25,""Vidro"",""124600"""
"2024-03-25,""Residuos Limpeza"",""53800"""
"2024-03-25,""Plastico"",""23400"""
"2024-03-25,""Cortes de Jardim"",""694800"""
"2024-03-25,""Papel"",""355200"""
"2024-03-25,""Restos Comida"",""120000"""
"2024-03-25,""Monstros"",""238600"""
"2024-03-24,""Indiferenciado"",""2452600"""
"2024-03-24,""Monstros"",""5000"""
"2024-03-24,""Papel"",""49400"""
"2024-03-24,""Residuos Limpeza"",""3200"""
"2024-03-23,""Cortes de Jardim"",""858600"""
"2024-03-23,""Papel"",""86800"""
"2024-03-23,""Vidro"",""144800"""
"2024-03-23,""Monstros"",""113000"""
"2024-03-23,""Indiferenciado"",""2556400"""
"2024-03-23,""Residuos Limpeza"",""23600"""
"2024-03-23,""Restos Comida"",""68400"""
"2024-03-23,""Plastico"",""21600"""
"2024-03-22,""Indiferenciado"",""2119800"""
"2024-03-22,""Papel"",""64800"""
"2024-03-22,""Restos Comida"",""69400"""
"2024-03-22,""Monstros"",""135400"""
"2024-03-22,""Vidro"",""149000"""
"2024-03-22,""Residuos Limpeza"",""132400"""
"2024-03-22,""Plastico"",""213400"""
"2024-03-22,""Cortes de Jardim"",""932800"""
"2024-03-21,""Cortes de Jardim"",""998000"""
"2024-03-21,""Monstros"",""198400"""
"2024-03-21,""Plastico"",""49400"""
"2024-03-21,""Papel"",""306200"""
"2024-03-21,""Vidro"",""162800"""
"2024-03-21,""Indiferenciado"",""2347400"""
"2024-03-21,""Restos Comida"",""65600"""
"2024-03-21,""Residuos Limpeza"",""181400"""
"2024-03-20,""Cortes de Jardim"",""967000"""
"2024-03-20,""Papel"",""177000"""
"2024-03-20,""Monstros"",""137600"""
"2024-03-20,""Plastico"",""134400"""
"2024-03-20,""Restos Comida"",""71200"""
"2024-03-20,""Indiferenciado"",""2622400"""
"2024-03-20,""Residuos Limpeza"",""258800"""
"2024-03-20,""Vidro"",""54600"""
"2024-03-19,""Cortes de Jardim"",""907600"""
"2024-03-19,""Monstros"",""167400"""
"2024-03-19,""Papel"",""73800"""
"2024-03-19,""Residuos Limpeza"",""405400"""
"2024-03-19,""Plastico"",""336200"""
"2024-03-19,""Restos Comida"",""62800"""
"2024-03-19,""Vidro"",""145600"""
"2024-03-19,""Indiferenciado"",""2459600"""
"2024-03-18,""Restos Comida"",""122800"""
"2024-03-18,""Residuos Limpeza"",""199600"""
"2024-03-18,""Monstros"",""132200"""
"2024-03-18,""Plastico"",""31000"""
"2024-03-18,""Papel"",""329000"""
"2024-03-18,""Cortes de Jardim"",""803400"""
"2024-03-18,""Vidro"",""127400"""
"2024-03-18,""Indiferenciado"",""2436800"""
"2024-03-17,""Residuos Limpeza"",""1400"""
"2024-03-17,""Indiferenciado"",""2405600"""
"2024-03-17,""Papel"",""36600"""
"2024-03-16,""Restos Comida"",""60600"""
"2024-03-16,""Cortes de Jardim"",""972400"""
"2024-03-16,""Vidro"",""109600"""
"2024-03-16,""Plastico"",""45000"""
"2024-03-16,""Residuos Limpeza"",""132000"""
"2024-03-16,""Monstros"",""127800"""
"2024-03-16,""Papel"",""86600"""
"2024-03-16,""Indiferenciado"",""2414800"""
"2024-03-15,""Residuos Limpeza"",""261200"""
"2024-03-15,""Indiferenciado"",""2179400"""
"2024-03-15,""Monstros"",""186000"""
"2024-03-15,""Vidro"",""60600"""
"2024-03-15,""Cortes de Jardim"",""950400"""
"2024-03-15,""Papel"",""55800"""
"2024-03-15,""Plastico"",""215600"""
"2024-03-15,""Restos Comida"",""55600"""
"2024-03-14,""Indiferenciado"",""2411600"""
"2024-03-14,""Residuos Limpeza"",""86400"""
"2024-03-14,""Plastico"",""28800"""
"2024-03-14,""Restos Comida"",""58400"""
"2024-03-14,""Monstros"",""232000"""
"2024-03-14,""Vidro"",""71400"""
"2024-03-14,""Papel"",""318600"""
"2024-03-14,""Cortes de Jardim"",""1133400"""
"2024-03-13,""Vidro"",""142400"""
"2024-03-13,""Indiferenciado"",""2199800"""
"2024-03-13,""Papel"",""145000"""
"2024-03-13,""Monstros"",""154400"""
"2024-03-13,""Restos Comida"",""68800"""
"2024-03-13,""Cortes de Jardim"",""959800"""
"2024-03-13,""Residuos Limpeza"",""183200"""
"2024-03-13,""Plastico"",""77200"""
"2024-03-12,""Vidro"",""117400"""
"2024-03-12,""Indiferenciado"",""2509400"""
"2024-03-12,""Residuos Limpeza"",""196800"""
"2024-03-12,""Restos Comida"",""49000"""
"2024-03-12,""Papel"",""61600"""
"2024-03-12,""Plastico"",""328400"""
"2024-03-12,""Cortes de Jardim"",""1123200"""
"2024-03-12,""Monstros"",""192800"""
"2024-03-11,""Indiferenciado"",""2266000"""
"2024-03-11,""Vidro"",""117600"""
"2024-03-11,""Cortes de Jardim"",""1003200"""
"2024-03-11,""Monstros"",""230600"""
"2024-03-11,""Restos Comida"",""103800"""
"2024-03-11,""Residuos Limpeza"",""20600"""
"2024-03-11,""Plastico"",""28400"""
"2024-03-11,""Papel"",""354200"""
"2024-03-10,""Indiferenciado"",""2140800"""
"2024-03-10,""Papel"",""24800"""
"2024-03-10,""Residuos Limpeza"",""2000"""
"2024-03-09,""Vidro"",""88400"""
"2024-03-09,""Cortes de Jardim"",""886400"""
"2024-03-09,""Monstros"",""100200"""
"2024-03-09,""Papel"",""73600"""
"2024-03-09,""Residuos Limpeza"",""45400"""
"2024-03-09,""Indiferenciado"",""2124600"""
"2024-03-09,""Plastico"",""38800"""
"2024-03-09,""Restos Comida"",""60000"""
"2024-03-08,""Cortes de Jardim"",""1042200"""
"2024-03-08,""Monstros"",""160600"""
"2024-03-08,""Vidro"",""122400"""
"2024-03-08,""Restos Comida"",""54000"""
"2024-03-08,""Indiferenciado"",""2113000"""
"2024-03-08,""Residuos Limpeza"",""76000"""
"2024-03-08,""Papel"",""96600"""
"2024-03-08,""Plastico"",""181800"""
"2024-03-07,""Indiferenciado"",""2156400"""
"2024-03-07,""Papel"",""289000"""
"2024-03-07,""Cortes de Jardim"",""901800"""
"2024-03-07,""Monstros"",""156600"""
"2024-03-07,""Plastico"",""61800"""
"2024-03-07,""Restos Comida"",""54800"""
"2024-03-07,""Residuos Limpeza"",""161800"""
"2024-03-07,""Vidro"",""132800"""
"2024-03-06,""Plastico"",""73600"""
"2024-03-06,""Restos Comida"",""65600"""
"2024-03-06,""Papel"",""148400"""
"2024-03-06,""Cortes de Jardim"",""1049400"""
"2024-03-06,""Monstros"",""141800"""
"2024-03-06,""Indiferenciado"",""2396400"""
"2024-03-06,""Vidro"",""85600"""
"2024-03-06,""Residuos Limpeza"",""175000"""
"2024-03-05,""Monstros"",""216800"""
"2024-03-05,""Plastico"",""356000"""
"2024-03-05,""Restos Comida"",""65400"""
"2024-03-05,""Papel"",""104000"""
"2024-03-05,""Residuos Limpeza"",""87200"""
"2024-03-05,""Vidro"",""69200"""
"2024-03-05,""Indiferenciado"",""2472200"""
"2024-03-05,""Cortes de Jardim"",""1060800"""
"2024-03-04,""Plastico"",""30000"""
"2024-03-04,""Residuos Limpeza"",""138600"""
"2024-03-04,""Restos Comida"",""98600"""
"2024-03-04,""Cortes de Jardim"",""946000"""
"2024-03-04,""Indiferenciado"",""2276000"""
"2024-03-04,""Papel"",""314200"""
"2024-03-04,""Vidro"",""189000"""
"2024-03-04,""Monstros"",""130800"""
"2024-03-03,""Indiferenciado"",""2086000"""
"2024-03-03,""Cortes de Jardim"",""18400"""
"2024-03-03,""Papel"",""33600"""
"2024-03-02,""Indiferenciado"",""2304400"""
"2024-03-02,""Plastico"",""59000"""
"2024-03-02,""Residuos Limpeza"",""174800"""
"2024-03-02,""Papel"",""95000"""
"2024-03-02,""Restos Comida"",""57000"""
"2024-03-02,""Monstros"",""146000"""
"2024-03-02,""Vidro"",""169600"""
"2024-03-02,""Cortes de Jardim"",""874400"""
"2024-03-01,""Residuos Limpeza"",""18400"""
"2024-03-01,""Vidro"",""74600"""
"2024-03-01,""Indiferenciado"",""2337200"""
"2024-03-01,""Cortes de Jardim"",""995400"""
"2024-03-01,""Papel"",""67000"""
"2024-03-01,""Plastico"",""209400"""
"2024-03-01,""Monstros"",""157200"""
"2024-03-01,""Restos Comida"",""337400"""
"2024-02-29,""Indiferenciado"",""2242800"""
"2024-02-29,""Residuos Limpeza"",""179600"""
"2024-02-29,""Vidro"",""44800"""
"2024-02-29,""Cortes de Jardim"",""954600"""
"2024-02-29,""Monstros"",""236000"""
"2024-02-29,""Papel"",""267400"""
"2024-02-29,""Restos Comida"",""286000"""
"2024-02-29,""Plastico"",""40600"""
"2024-02-28,""Cortes de Jardim"",""1135000"""
"2024-02-28,""Vidro"",""174400"""
"2024-02-28,""Indiferenciado"",""2365200"""
"2024-02-28,""Papel"",""143800"""
"2024-02-28,""Restos Comida"",""68200"""
"2024-02-28,""Monstros"",""232200"""
"2024-02-28,""Plastico"",""83800"""
"2024-02-28,""Residuos Limpeza"",""272400"""
"2024-02-27,""Cortes de Jardim"",""1089200"""
"2024-02-27,""Papel"",""35800"""
"2024-02-27,""Indiferenciado"",""2456600"""
"2024-02-27,""Restos Comida"",""19800"""
"2024-02-27,""Plastico"",""293800"""
"2024-02-27,""Residuos Limpeza"",""187800"""
"2024-02-27,""Monstros"",""177600"""
"2024-02-27,""Vidro"",""88200"""
"2024-02-26,""Papel"",""380000"""
"2024-02-26,""Monstros"",""192800"""
"2024-02-26,""Vidro"",""159800"""
"2024-02-26,""Cortes de Jardim"",""1050000"""
"2024-02-26,""Indiferenciado"",""2276800"""
"2024-02-26,""Restos Comida"",""102800"""
"2024-02-26,""Plastico"",""26600"""
"2024-02-26,""Residuos Limpeza"",""432600"""
"2024-02-25,""Indiferenciado"",""2272400"""
"2024-02-25,""Papel"",""40000"""
"2024-02-24,""Vidro"",""127400"""
"2024-02-24,""Plastico"",""37800"""
"2024-02-24,""Restos Comida"",""57400"""
"2024-02-24,""Monstros"",""140400"""
"2024-02-24,""Cortes de Jardim"",""858400"""
"2024-02-24,""Papel"",""85600"""
"2024-02-24,""Indiferenciado"",""2200400"""
"2024-02-24,""Residuos Limpeza"",""141400"""
"2024-02-23,""Papel"",""81000"""
"2024-02-23,""Cortes de Jardim"",""911800"""
"2024-02-23,""Monstros"",""177400"""
"2024-02-23,""Restos Comida"",""62000"""
"2024-02-23,""Plastico"",""210800"""
"2024-02-23,""Vidro"",""173200"""
"2024-02-23,""Indiferenciado"",""2065200"""
"2024-02-23,""Residuos Limpeza"",""311200"""
"2024-02-22,""Residuos Limpeza"",""582400"""
"2024-02-22,""Cortes de Jardim"",""973200"""
"2024-02-22,""Restos Comida"",""71600"""
"2024-02-22,""Papel"",""310600"""
"2024-02-22,""Plastico"",""54000"""
"2024-02-22,""Monstros"",""216800"""
"2024-02-22,""Indiferenciado"",""2342800"""
"2024-02-22,""Vidro"",""78400"""
"2024-02-21,""Monstros"",""194000"""
"2024-02-21,""Plastico"",""76800"""
"2024-02-21,""Papel"",""117000"""
"2024-02-21,""Residuos Limpeza"",""232200"""
"2024-02-21,""Restos Comida"",""58600"""
"2024-02-21,""Vidro"",""201400"""
"2024-02-21,""Indiferenciado"",""2296200"""
"2024-02-21,""Cortes de Jardim"",""1312200"""
"2024-02-20,""Restos Comida"",""63600"""
"2024-02-20,""Residuos Limpeza"",""109200"""
"2024-02-20,""Plastico"",""379200"""
"2024-02-20,""Papel"",""83000"""
"2024-02-20,""Monstros"",""179800"""
"2024-02-20,""Vidro"",""67600"""
"2024-02-20,""Indiferenciado"",""2477200"""
"2024-02-20,""Cortes de Jardim"",""975600"""
"2024-02-19,""Residuos Limpeza"",""190800"""
"2024-02-19,""Cortes de Jardim"",""840800"""
"2024-02-19,""Restos Comida"",""106800"""
"2024-02-19,""Plastico"",""54400"""
"2024-02-19,""Indiferenciado"",""2471800"""
"2024-02-19,""Monstros"",""201000"""
"2024-02-19,""Vidro"",""138000"""
"2024-02-19,""Papel"",""299400"""
"2024-02-18,""Indiferenciado"",""2394400"""
"2024-02-18,""Monstros"",""4600"""
"2024-02-18,""Papel"",""44600"""
"2024-02-17,""Indiferenciado"",""2459200"""
"2024-02-17,""Residuos Limpeza"",""254400"""
"2024-02-17,""Vidro"",""84000"""
"2024-02-17,""Restos Comida"",""64800"""
"2024-02-17,""Plastico"",""40600"""
"2024-02-17,""Monstros"",""94200"""
"2024-02-17,""Cortes de Jardim"",""915600"""
"2024-02-17,""Papel"",""130800"""
"2024-02-16,""Vidro"",""168400"""
"2024-02-16,""Cortes de Jardim"",""866000"""
"2024-02-16,""Indiferenciado"",""2403000"""
"2024-02-16,""Residuos Limpeza"",""147600"""
"2024-02-16,""Plastico"",""225600"""
"2024-02-16,""Restos Comida"",""72600"""
"2024-02-16,""Monstros"",""214200"""
"2024-02-16,""Papel"",""70600"""
"2024-02-15,""Cortes de Jardim"",""1013000"""
"2024-02-15,""Indiferenciado"",""2359400"""
"2024-02-15,""Vidro"",""37400"""
"2024-02-15,""Monstros"",""206400"""
"2024-02-15,""Plastico"",""29000"""
"2024-02-15,""Papel"",""276800"""
"2024-02-15,""Restos Comida"",""73000"""
"2024-02-15,""Residuos Limpeza"",""341400"""
"2024-02-14,""Cortes de Jardim"",""1209200"""
"2024-02-14,""Papel"",""123200"""
"2024-02-14,""Vidro"",""188800"""
"2024-02-14,""Monstros"",""191000"""
"2024-02-14,""Indiferenciado"",""2293400"""
"2024-02-14,""Restos Comida"",""54600"""
"2024-02-14,""Plastico"",""145000"""
"2024-02-14,""Residuos Limpeza"",""135600"""
"2024-02-13,""Papel"",""37200"""
"2024-02-13,""Indiferenciado"",""2643800"""
"2024-02-13,""Cortes de Jardim"",""233000"""
"2024-02-13,""Plastico"",""266200"""
"2024-02-13,""Restos Comida"",""62600"""
"2024-02-13,""Vidro"",""91000"""
"2024-02-13,""Monstros"",""30000"""
"2024-02-12,""Cortes de Jardim"",""814400"""
"2024-02-12,""Papel"",""400000"""
"2024-02-12,""Plastico"",""44800"""
"2024-02-12,""Restos Comida"",""94000"""
"2024-02-12,""Vidro"",""81600"""
"2024-02-12,""Monstros"",""162400"""
"2024-02-12,""Indiferenciado"",""1932000"""
"2024-02-12,""Residuos Limpeza"",""141600"""
"2024-02-11,""Papel"",""36000"""
"2024-02-11,""Indiferenciado"",""2073000"""
"2024-02-10,""Residuos Limpeza"",""277600"""
"2024-02-10,""Restos Comida"",""59400"""
"2024-02-10,""Plastico"",""22800"""
"2024-02-10,""Papel"",""90000"""
"2024-02-10,""Monstros"",""150600"""
"2024-02-10,""Cortes de Jardim"",""667000"""
"2024-02-10,""Vidro"",""103600"""
"2024-02-10,""Indiferenciado"",""2723200"""
"2024-02-09,""Restos Comida"",""54600"""
"2024-02-09,""Papel"",""36200"""
"2024-02-09,""Plastico"",""158800"""
"2024-02-09,""Monstros"",""200200"""
"2024-02-09,""Residuos Limpeza"",""183800"""
"2024-02-09,""Indiferenciado"",""2003400"""
"2024-02-09,""Vidro"",""130400"""
"2024-02-09,""Cortes de Jardim"",""904000"""
"2024-02-08,""Residuos Limpeza"",""235000"""
"2024-02-08,""Restos Comida"",""54000"""
"2024-02-08,""Plastico"",""35800"""
"2024-02-08,""Cortes de Jardim"",""857000"""
"2024-02-08,""Monstros"",""220000"""
"2024-02-08,""Papel"",""229000"""
"2024-02-08,""Indiferenciado"",""1885000"""
"2024-02-08,""Vidro"",""145800"""
"2024-02-07,""Restos Comida"",""52200"""
"2024-02-07,""Residuos Limpeza"",""154600"""
"2024-02-07,""Plastico"",""109400"""
"2024-02-07,""Monstros"",""191200"""
"2024-02-07,""Indiferenciado"",""2450600"""
"2024-02-07,""Papel"",""174000"""
"2024-02-07,""Cortes de Jardim"",""914600"""
"2024-02-07,""Vidro"",""92000"""
"2024-02-06,""Indiferenciado"",""2402600"""
"2024-02-06,""Residuos Limpeza"",""269400"""
"2024-02-06,""Vidro"",""150800"""
"2024-02-06,""Monstros"",""159400"""
"2024-02-06,""Papel"",""74000"""
"2024-02-06,""Plastico"",""353000"""
"2024-02-06,""Restos Comida"",""50200"""
"2024-02-06,""Cortes de Jardim"",""1026800"""
"2024-02-05,""Indiferenciado"",""2245000"""
"2024-02-05,""Plastico"",""25400"""
"2024-02-05,""Residuos Limpeza"",""125400"""
"2024-02-05,""Cortes de Jardim"",""879400"""
"2024-02-05,""Restos Comida"",""102600"""
"2024-02-05,""Monstros"",""158400"""
"2024-02-05,""Papel"",""337000"""
"2024-02-05,""Vidro"",""185000"""
"2024-02-04,""Indiferenciado"",""2301000"""
"2024-02-04,""Papel"",""52000"""
"2024-02-04,""Residuos Limpeza"",""3200"""
"2024-02-03,""Indiferenciado"",""2523800"""
"2024-02-03,""Vidro"",""19000"""
"2024-02-03,""Residuos Limpeza"",""351600"""
"2024-02-03,""Plastico"",""41800"""
"2024-02-03,""Monstros"",""154600"""
"2024-02-03,""Papel"",""110000"""
"2024-02-03,""Cortes de Jardim"",""872000"""
"2024-02-03,""Restos Comida"",""64000"""
"2024-02-02,""Vidro"",""123200"""
"2024-02-02,""Indiferenciado"",""2289600"""
"2024-02-02,""Cortes de Jardim"",""1112600"""
"2024-02-02,""Monstros"",""148200"""
"2024-02-02,""Restos Comida"",""54200"""
"2024-02-02,""Residuos Limpeza"",""97200"""
"2024-02-02,""Plastico"",""221200"""
"2024-02-02,""Papel"",""49000"""
"2024-02-01,""Papel"",""301200"""
"2024-02-01,""Cortes de Jardim"",""1058000"""
"2024-02-01,""Indiferenciado"",""2407000"""
"2024-02-01,""Restos Comida"",""57000"""
"2024-02-01,""Plastico"",""38000"""
"2024-02-01,""Residuos Limpeza"",""13000"""
"2024-02-01,""Vidro"",""113000"""
"2024-02-01,""Monstros"",""230600"""
"2024-01-31,""Indiferenciado"",""2306400"""
"2024-01-31,""Cortes de Jardim"",""1149400"""
"2024-01-31,""Restos Comida"",""49800"""
"2024-01-31,""Vidro"",""194000"""
"2024-01-31,""Monstros"",""153600"""
"2024-01-31,""Plastico"",""75200"""
"2024-01-31,""Papel"",""145200"""
"2024-01-31,""Residuos Limpeza"",""84800"""
"2024-01-30,""Monstros"",""144800"""
"2024-01-30,""Vidro"",""175400"""
"2024-01-30,""Cortes de Jardim"",""967800"""
"2024-01-30,""Indiferenciado"",""2342400"""
"2024-01-30,""Residuos Limpeza"",""6600"""
"2024-01-30,""Papel"",""46600"""
"2024-01-30,""Plastico"",""359800"""
"2024-01-30,""Restos Comida"",""71800"""
"2024-01-29,""Cortes de Jardim"",""948800"""
"2024-01-29,""Papel"",""412000"""
"2024-01-29,""Restos Comida"",""88800"""
"2024-01-29,""Residuos Limpeza"",""131200"""
"2024-01-29,""Monstros"",""202400"""
"2024-01-29,""Plastico"",""42600"""
"2024-01-29,""Vidro"",""166800"""
"2024-01-29,""Indiferenciado"",""2320600"""
"2024-01-28,""Papel"",""34400"""
"2024-01-28,""Monstros"",""3400"""
"2024-01-28,""Indiferenciado"",""2364200"""
"2024-01-27,""Residuos Limpeza"",""162800"""
"2024-01-27,""Monstros"",""98600"""
"2024-01-27,""Papel"",""114000"""
"2024-01-27,""Restos Comida"",""60600"""
"2024-01-27,""Plastico"",""49200"""
"2024-01-27,""Vidro"",""45400"""
"2024-01-27,""Indiferenciado"",""2509200"""
"2024-01-27,""Cortes de Jardim"",""867600"""
"2024-01-26,""Residuos Limpeza"",""59400"""
"2024-01-26,""Restos Comida"",""78200"""
"2024-01-26,""Plastico"",""213800"""
"2024-01-26,""Indiferenciado"",""2364800"""
"2024-01-26,""Cortes de Jardim"",""910400"""
"2024-01-26,""Papel"",""64600"""
"2024-01-26,""Vidro"",""53200"""
"2024-01-26,""Monstros"",""263000"""
"2024-01-25,""Residuos Limpeza"",""72400"""
"2024-01-25,""Plastico"",""38200"""
"2024-01-25,""Restos Comida"",""50000"""
"2024-01-25,""Indiferenciado"",""2284800"""
"2024-01-25,""Vidro"",""180600"""
"2024-01-25,""Monstros"",""257600"""
"2024-01-25,""Papel"",""286400"""
"2024-01-25,""Cortes de Jardim"",""1044000"""
"2024-01-24,""Indiferenciado"",""2407200"""
"2024-01-24,""Residuos Limpeza"",""214600"""
"2024-01-24,""Cortes de Jardim"",""978600"""
"2024-01-24,""Papel"",""163600"""
"2024-01-24,""Plastico"",""83000"""
"2024-01-24,""Restos Comida"",""60200"""
"2024-01-24,""Monstros"",""141600"""
"2024-01-23,""Indiferenciado"",""2435000"""
"2024-01-23,""Residuos Limpeza"",""113600"""
"2024-01-23,""Vidro"",""141600"""
"2024-01-23,""Cortes de Jardim"",""967400"""
"2024-01-23,""Papel"",""58000"""
"2024-01-23,""Monstros"",""151200"""
"2024-01-23,""Plastico"",""393400"""
"2024-01-23,""Restos Comida"",""59800"""
"2024-01-22,""Vidro"",""102200"""
"2024-01-22,""Monstros"",""130600"""
"2024-01-22,""Cortes de Jardim"",""874800"""
"2024-01-22,""Papel"",""425600"""
"2024-01-22,""Residuos Limpeza"",""279000"""
"2024-01-22,""Plastico"",""34000"""
"2024-01-22,""Restos Comida"",""92400"""
"2024-01-22,""Indiferenciado"",""2557600"""
"2024-01-21,""Cortes de Jardim"",""104600"""
"2024-01-21,""Indiferenciado"",""2337000"""
"2024-01-21,""Papel"",""50800"""
"2024-01-21,""Monstros"",""9800"""
"2024-01-20,""Indiferenciado"",""2600400"""
"2024-01-20,""Cortes de Jardim"",""1003400"""
"2024-01-20,""Papel"",""87000"""
"2024-01-20,""Vidro"",""37000"""
"2024-01-20,""Monstros"",""104200"""
"2024-01-20,""Restos Comida"",""90400"""
"2024-01-20,""Plastico"",""46800"""
"2024-01-20,""Residuos Limpeza"",""5600"""
"2024-01-19,""Monstros"",""143400"""
"2024-01-19,""Papel"",""47000"""
"2024-01-19,""Indiferenciado"",""2282800"""
"2024-01-19,""Restos Comida"",""32400"""
"2024-01-19,""Vidro"",""128400"""
"2024-01-19,""Cortes de Jardim"",""1098800"""
"2024-01-19,""Plastico"",""216600"""
"2024-01-19,""Residuos Limpeza"",""199800"""
"2024-01-18,""Papel"",""329800"""
"2024-01-18,""Plastico"",""44800"""
"2024-01-18,""Cortes de Jardim"",""1250600"""
"2024-01-18,""Monstros"",""194800"""
"2024-01-18,""Vidro"",""118800"""
"2024-01-18,""Residuos Limpeza"",""117200"""
"2024-01-18,""Indiferenciado"",""2473400"""
"2024-01-18,""Restos Comida"",""48000"""
"2024-01-17,""Plastico"",""41200"""
"2024-01-17,""Vidro"",""141200"""
"2024-01-17,""Monstros"",""132800"""
"2024-01-17,""Restos Comida"",""61400"""
"2024-01-17,""Cortes de Jardim"",""1051200"""
"2024-01-17,""Indiferenciado"",""2073800"""
"2024-01-17,""Residuos Limpeza"",""191000"""
"2024-01-17,""Papel"",""200400"""
"2024-01-16,""Papel"",""32000"""
"2024-01-16,""Monstros"",""179200"""
"2024-01-16,""Cortes de Jardim"",""1032800"""
"2024-01-16,""Plastico"",""348400"""
"2024-01-16,""Restos Comida"",""65800"""
"2024-01-16,""Residuos Limpeza"",""129000"""
"2024-01-16,""Vidro"",""166600"""
"2024-01-16,""Indiferenciado"",""2859800"""
"2024-01-15,""Residuos Limpeza"",""266000"""
"2024-01-15,""Restos Comida"",""93200"""
"2024-01-15,""Papel"",""396200"""
"2024-01-15,""Monstros"",""142200"""
"2024-01-15,""Cortes de Jardim"",""858200"""
"2024-01-15,""Plastico"",""47400"""
"2024-01-15,""Vidro"",""167800"""
"2024-01-15,""Indiferenciado"",""2057600"""
"2024-01-14,""Papel"",""48400"""
"2024-01-14,""Indiferenciado"",""2070200"""
"2024-01-14,""Cortes de Jardim"",""29400"""
"2024-01-13,""Plastico"",""91000"""
"2024-01-13,""Restos Comida"",""65400"""
"2024-01-13,""Residuos Limpeza"",""135000"""
"2024-01-13,""Indiferenciado"",""2202400"""
"2024-01-13,""Papel"",""122000"""
"2024-01-13,""Monstros"",""116400"""
"2024-01-13,""Cortes de Jardim"",""998600"""
"2024-01-13,""Vidro"",""96400"""
"2024-01-12,""Residuos Limpeza"",""245600"""
"2024-01-12,""Restos Comida"",""57000"""
"2024-01-12,""Plastico"",""215000"""
"2024-01-12,""Indiferenciado"",""2345800"""
"2024-01-12,""Vidro"",""161600"""
"2024-01-12,""Cortes de Jardim"",""1099000"""
"2024-01-12,""Monstros"",""157200"""
"2024-01-12,""Papel"",""60000"""
"2024-01-11,""Indiferenciado"",""2357600"""
"2024-01-11,""Residuos Limpeza"",""179000"""
"2024-01-11,""Cortes de Jardim"",""1016000"""
"2024-01-11,""Vidro"",""222400"""
"2024-01-11,""Monstros"",""122000"""
"2024-01-11,""Restos Comida"",""64000"""
"2024-01-11,""Plastico"",""15400"""
"2024-01-11,""Papel"",""310200"""
"2024-01-10,""Indiferenciado"",""2512400"""
"2024-01-10,""Vidro"",""177000"""
"2024-01-10,""Cortes de Jardim"",""879600"""
"2024-01-10,""Papel"",""150600"""
"2024-01-10,""Monstros"",""181600"""
"2024-01-10,""Plastico"",""67600"""
"2024-01-10,""Restos Comida"",""54800"""
"2024-01-10,""Residuos Limpeza"",""200800"""
"2024-01-09,""Indiferenciado"",""2104600"""
"2024-01-09,""Vidro"",""220000"""
"2024-01-09,""Restos Comida"",""55800"""
"2024-01-09,""Monstros"",""162800"""
"2024-01-09,""Plastico"",""368400"""
"2024-01-09,""Cortes de Jardim"",""1080600"""
"2024-01-09,""Papel"",""35200"""
"2024-01-09,""Residuos Limpeza"",""59800"""
"2024-01-08,""Indiferenciado"",""2320000"""
"2024-01-08,""Vidro"",""288800"""
"2024-01-08,""Cortes de Jardim"",""901600"""
"2024-01-08,""Restos Comida"",""95200"""
"2024-01-08,""Plastico"",""36000"""
"2024-01-08,""Monstros"",""116000"""
"2024-01-08,""Residuos Limpeza"",""198400"""
"2024-01-08,""Papel"",""366200"""
"2024-01-07,""Papel"",""43800"""
"2024-01-07,""Indiferenciado"",""2413600"""
"2024-01-07,""Residuos Limpeza"",""1000"""
"2024-01-06,""Papel"",""97200"""
"2024-01-06,""Cortes de Jardim"",""971000"""
"2024-01-06,""Vidro"",""465600"""
"2024-01-06,""Monstros"",""125000"""
"2024-01-06,""Indiferenciado"",""2596600"""
"2024-01-06,""Residuos Limpeza"",""9800"""
"2024-01-06,""Plastico"",""42000"""
"2024-01-06,""Restos Comida"",""58000"""
"2024-01-05,""Cortes de Jardim"",""1185000"""
"2024-01-05,""Vidro"",""279600"""
"2024-01-05,""Monstros"",""186400"""
"2024-01-05,""Restos Comida"",""47400"""
"2024-01-05,""Residuos Limpeza"",""180200"""
"2024-01-05,""Plastico"",""162400"""
"2024-01-05,""Papel"",""239400"""
"2024-01-05,""Indiferenciado"",""2652000"""
"2024-01-04,""Restos Comida"",""66400"""
"2024-01-04,""Plastico"",""238000"""
"2024-01-04,""Monstros"",""153800"""
"2024-01-04,""Indiferenciado"",""2348800"""
"2024-01-04,""Cortes de Jardim"",""1084000"""
"2024-01-04,""Papel"",""193400"""
"2024-01-04,""Residuos Limpeza"",""86000"""
"2024-01-04,""Vidro"",""299400"""
"2024-01-03,""Cortes de Jardim"",""1038000"""
"2024-01-03,""Monstros"",""203400"""
"2024-01-03,""Papel"",""234000"""
"2024-01-03,""Residuos Limpeza"",""161400"""
"2024-01-03,""Plastico"",""182400"""
"2024-01-03,""Restos Comida"",""134400"""
"2024-01-03,""Vidro"",""68200"""
"2024-01-03,""Indiferenciado"",""2328600"""
"2024-01-02,""Plastico"",""61600"""
"2024-01-02,""Cortes de Jardim"",""175600"""
"2024-01-02,""Residuos Limpeza"",""4400"""
"2024-01-02,""Restos Comida"",""113800"""
"2024-01-02,""Papel"",""141200"""
"2024-01-02,""Monstros"",""42000"""
"2024-01-02,""Indiferenciado"",""2947200"""
"2024-01-02,""Vidro"",""30600"""
"2024-01-01,""Plastico"",""18400"""
"2024-01-01,""Residuos Limpeza"",""1600"""
"2024-01-01,""Indiferenciado"",""1688000"""
"2024-01-01,""Papel"",""84800"""
"2024-01-01,""Vidro"",""55200"""
